ID, Accel_Timestamp(ms), Accel_X, Accel_Y, Accel_Z, Gyro_Timestamp(ms), Gyro_X, Gyro_Y, Gyro_Z
1, 149318672796123, 0.0, 9.809989, 0.0, 149318668714423, 0.0, 0.0, 0.0
2, 149318682796123, 0.0, 9.809989, 0.0, 149318678714423, 0.0, 0.0, 0.0
3, 149318692796123, 0.0, 9.809989, 0.0, 149318688714423, 0.0, 0.0, 0.0
4, 149318702796123, 0.0, 9.809988, 0.0, 149318698714423, 0.0, 0.0, 0.0
5, 149318712796123, 0.0, 9.809988, 0.0, 149318708714423, 0.0, 0.0, 0.0
6, 149318722796123, 0.0, 9.809989, 0.0, 149318718714423, 0.0, 0.0, 0.0
7, 149318732796123, 0.0, 9.809989, 0.0, 149318728714423, 0.0, 0.0, 0.0
8, 149318742796123, 0.0, 9.809988, 0.0, 149318738714423, 0.0, 0.0, 0.0
9, 149318752796123, 0.0, 9.809988, 0.0, 149318748714423, 0.0, 0.0, 0.0
10, 149318762796123, 0.0, 9.809988, 0.0, 149318758714423, 0.0, 0.0, 0.0
11, 149318772796123, 0.0, 9.809989, 0.0, 149318768714423, 0.0, 0.0, 0.0
12, 149318782796123, 0.0, 9.809989, 0.0, 149318778714423, 0.0, 0.0, 0.0
13, 149318792796123, 0.0, 9.809989, 0.0, 149318788714423, 0.0, 0.0, 0.0
14, 149318802796123, 0.0, 9.809989, 0.0, 149318798714423, 0.0, 0.0, 0.0
15, 149318812796123, 0.0, 9.80999, 0.0, 149318808714423, 0.0, 0.0, 0.0
16, 149318822796123, 0.0, 9.809989, 0.0, 149318818714423, 0.0, 0.0, 0.0
17, 149318832796123, 0.0, 9.809989, 0.0, 149318828714423, 0.0, 0.0, 0.0
18, 149318842796123, 0.0, 9.809989, 0.0, 149318838714423, 0.0, 0.0, 0.0
19, 149318852796123, 0.0, 9.809989, 0.0, 149318848714423, 0.0, 0.0, 0.0
20, 149318862796123, 0.0, 9.809989, 0.0, 149318858714423, 0.0, 0.0, 0.0
21, 149318872796123, 0.0, 9.809989, 0.0, 149318868714423, 0.0, 0.0, 0.0
22, 149318882796123, 0.0, 9.809989, 0.0, 149318878714423, 0.0, 0.0, 0.0
23, 149318892796123, 0.0, 9.809988, 0.0, 149318888714423, 0.0, 0.0, 0.0
24, 149318902796123, 0.0, 9.809989, 0.0, 149318898714423, 0.0, 0.0, 0.0
25, 149318912796123, 0.0, 9.809989, 0.0, 149318908714423, 0.0, 0.0, 0.0
26, 149318922796123, 0.0, 9.809989, 0.0, 149318918714423, 0.0, 0.0, 0.0
27, 149318932796123, 0.0, 9.809989, 0.0, 149318928714423, 0.0, 0.0, 0.0
28, 149318942796123, 0.0, 9.809989, 0.0, 149318938714423, 0.0, 0.0, 0.0
29, 149318952796123, 0.0, 9.809988, 0.0, 149318948714423, 0.0, 0.0, 0.0
30, 149318962796123, 0.0, 9.80999, 0.0, 149318958714423, 0.0, 0.0, 0.0
31, 149318972796123, 0.0, 9.809989, 0.0, 149318968714423, 0.0, 0.0, 0.0
32, 149318982796123, 0.0, 9.809989, 0.0, 149318978714423, 0.0, 0.0, 0.0
33, 149318992796123, 0.0, 9.80999, 0.0, 149318988714423, 0.0, 0.0, 0.0
34, 149319002796123, 0.0, 9.809989, 0.0, 149318998714423, 0.0, 0.0, 0.0
35, 149319012796123, 0.0, 9.80999, 0.0, 149319008714423, 0.0, 0.0, 0.0
36, 149319022796123, 0.0, 9.809989, 0.0, 149319018714423, 0.0, 0.0, 0.0
37, 149319032796123, 0.0, 9.809989, 0.0, 149319028714423, 0.0, 0.0, 0.0
38, 149319042796123, 0.0, 9.809989, 0.0, 149319038714423, 0.0, 0.0, 0.0
39, 149319052796123, 0.0, 9.809989, 0.0, 149319048714423, 0.0, 0.0, 0.0
40, 149319062796123, 0.0, 9.809989, 0.0, 149319058714423, 0.0, 0.0, 0.0
41, 149319072796123, 0.0, 9.809989, 0.0, 149319068714423, 0.0, 0.0, 0.0
42, 149319082796123, 0.0, 9.80999, 0.0, 149319078714423, 0.0, 0.0, 0.0
43, 149319092796123, 0.0, 9.809989, 0.0, 149319088714423, 0.0, 0.0, 0.0
44, 149319102796123, 0.0, 9.809989, 0.0, 149319098714423, 0.0, 0.0, 0.0
45, 149319112796123, 0.0, 9.809989, 0.0, 149319108714423, 0.0, 0.0, 0.0
46, 149319122796123, 0.0, 9.809988, 0.0, 149319118714423, 0.0, 0.0, 0.0
47, 149319132796123, 0.0, 9.809988, 0.0, 149319128714423, 0.0, 0.0, 0.0
48, 149319142796123, 0.0, 9.809989, 0.0, 149319138714423, 0.0, 0.0, 0.0
49, 149319152796123, 0.0, 9.809989, 0.0, 149319148714423, 0.0, 0.0, 0.0
50, 149319162796123, 0.0, 9.809989, 0.0, 149319158714423, 0.0, 0.0, 0.0
51, 149319172796123, 0.0, 9.809988, 0.0, 149319168714423, 0.0, 0.0, 0.0
52, 149319182796123, 0.0, 9.809989, 0.0, 149319178714423, 0.0, 0.0, 0.0
53, 149319192796123, 0.0, 9.809989, 0.0, 149319188714423, 0.0, 0.0, 0.0
54, 149319202796123, 0.0, 9.809989, 0.0, 149319198714423, 0.0, 0.0, 0.0
55, 149319212796123, 0.0, 9.80999, 0.0, 149319208714423, 0.0, 0.0, 0.0
56, 149319222796123, 0.0, 9.809989, 0.0, 149319218714423, 0.0, 0.0, 0.0
57, 149319232796123, 0.0, 9.809989, 0.0, 149319228714423, 0.0, 0.0, 0.0
58, 149319242796123, 0.0, 9.809989, 0.0, 149319238714423, 0.0, 0.0, 0.0
59, 149319252796123, 0.0, 9.809989, 0.0, 149319248714423, 0.0, 0.0, 0.0
60, 149319262796123, 0.0, 9.809989, 0.0, 149319258714423, 0.0, 0.0, 0.0
61, 149319272796123, 0.0, 9.809989, 0.0, 149319268714423, 0.0, 0.0, 0.0
62, 149319282796123, 0.0, 9.809989, 0.0, 149319278714423, 0.0, 0.0, 0.0
63, 149319292796123, 0.0, 9.809989, 0.0, 149319288714423, 0.0, 0.0, 0.0
64, 149319302796123, 0.0, 9.80999, 0.0, 149319298714423, 0.0, 0.0, 0.0
65, 149319312796123, 0.0, 9.809989, 0.0, 149319308714423, 0.0, 0.0, 0.0
66, 149319322796123, 0.0, 9.809989, 0.0, 149319318714423, 0.0, 0.0, 0.0
67, 149319332796123, 0.0, 9.809989, 0.0, 149319328714423, 0.0, 0.0, 0.0
68, 149319342796123, 0.0, 9.809989, 0.0, 149319338714423, 0.0, 0.0, 0.0
69, 149319352796123, 0.0, 9.809989, 0.0, 149319348714423, 0.0, 0.0, 0.0
70, 149319362796123, 0.0, 9.80999, 0.0, 149319358714423, 0.0, 0.0, 0.0
71, 149319372796123, 0.0, 9.809989, 0.0, 149319368714423, 0.0, 0.0, 0.0
72, 149319382796123, 0.0, 9.809989, 0.0, 149319378714423, 0.0, 0.0, 0.0
73, 149319392796123, 0.0, 9.80999, 0.0, 149319388714423, 0.0, 0.0, 0.0
74, 149319402796123, 0.0, 9.809989, 0.0, 149319398714423, 0.0, 0.0, 0.0
75, 149319412796123, 0.0, 9.80999, 0.0, 149319408714423, 0.0, 0.0, 0.0
76, 149319422796123, 0.0, 9.809989, 0.0, 149319418714423, 0.0, 0.0, 0.0
77, 149319432796123, 0.0, 9.80999, 0.0, 149319428714423, 0.0, 0.0, 0.0
78, 149319442796123, 0.06059765, 10.021602, 1.03718696E-4, 149319438714423, 0.0, 0.0, 0.0
79, 149319452796123, 0.19188067, 10.480053, 3.2842223E-4, 149319448714423, 0.0, 0.0, 0.0
80, 149319462796123, 0.30670705, 10.996948, 5.9842056E-4, 149319458714423, 0.0, 0.0, 0.0
81, 149319472796123, 0.3396312, 11.36907, 7.4613804E-4, 149319468714423, 0.0, 0.0, 0.0
82, 149319482796123, 0.1946055, 11.528951, 8.222726E-4, 149319478714423, 0.0, 0.0, 0.0
83, 149319492796123, -0.18646578, 11.458102, 7.8275404E-4, 149319488714423, 0.0, 0.0, 0.0
84, 149319502796123, -0.65700084, 11.204535, 6.726083E-4, 149319498714423, 0.0, 0.0, 0.0
85, 149319512796123, -1.7110934, 10.086078, 1.8712922E-4, 149319508714423, 0.0, 0.0, 0.0
86, 149319522796123, -1.8821523, 9.9045725, 1.08345266E-4, 149319518714423, 0.0, 0.0, 0.0
87, 149319532796123, -1.9100106, 9.875013, 9.55147E-5, 149319528714423, 0.0, 0.0, 0.0
88, 149319542796123, -2.0986547, 9.520175, -3.62052E-5, 149319538714423, 0.0, 0.0, 0.0
89, 149319552796123, -2.2558298, 9.198943, -1.8757599E-4, 149319548714423, 0.0, 0.0, 0.0
90, 149319562796123, -2.377265, 8.902742, -2.9001478E-4, 149319558714423, 0.0, 0.0, 0.0
91, 149319572796123, -2.446144, 8.698567, -3.5859187E-4, 149319568714423, 0.0, 0.0, 0.0
92, 149319582796123, -2.498709, 8.519308, -4.217799E-4, 149319578714423, 0.0, 0.0, 0.0
93, 149319592796123, -2.507238, 8.490223, -4.3203242E-4, 149319588714423, 0.0, 0.0, 0.0
94, 149319602796123, -2.5314484, 8.369458, -4.5963554E-4, 149319598714423, 0.0, 0.0, 0.0
95, 149319612796123, -2.537098, 8.27165, -4.6415295E-4, 149319608714423, 0.0, 0.0, 0.0
96, 149319622796123, -2.5072181, 8.191495, -4.6488678E-4, 149319618714423, 0.0, 0.0, 0.0
97, 149319632796123, -2.4361527, 8.140161, -4.3907794E-4, 149319628714423, 0.0, 0.0, 0.0
98, 149319642796123, -2.330793, 8.115016, -4.0893364E-4, 149319638714423, 0.0, 0.0, 0.0
99, 149319652796123, -2.187962, 8.102588, -4.0398852E-4, 149319648714423, 0.0, 0.0, 0.0
100, 149319662796123, -1.9706175, 8.090241, -3.5131656E-4, 149319658714423, 0.0, 0.0, 0.0
101, 149319672796123, -1.6911368, 8.080967, -3.1678876E-4, 149319668714423, 0.0, 0.0, 0.0
102, 149319682796123, -1.3205448, 8.068788, -2.8519568E-4, 149319678714423, 0.0, 0.0, 0.0
103, 149319692796123, -0.82931614, 8.048484, -2.5408884E-4, 149319688714423, 0.0, 0.0, 0.0
104, 149319702796123, -0.30006415, 8.027361, -1.9716792E-4, 149319698714423, 0.0, 0.0, 0.0
105, 149319712796123, 0.38235208, 8.020375, -1.6192344E-4, 149319708714423, 0.0, 0.0, 0.0
106, 149319722796123, 1.2898146, 8.050902, -1.301976E-4, 149319718714423, 0.0, 0.0, 0.0
107, 149319732796123, 2.160222, 8.108458, -9.909721E-5, 149319728714423, 0.0, 0.0, 0.0
108, 149319742796123, 2.3027394, 8.117882, -9.400496E-5, 149319738714423, 0.0, 0.0, 0.0
109, 149319752796123, 3.126954, 8.234702, -6.722397E-5, 149319748714423, 0.0, 0.0, 0.0
110, 149319762796123, 4.1343126, 8.495558, -3.692939E-5, 149319758714423, 0.0, 0.0, 0.0
111, 149319772796123, 5.104476, 8.876248, -6.058164E-6, 149319768714423, 0.0, 0.0, 0.0
112, 149319782796123, 5.981845, 9.32698, -9.873776E-7, 149319778714423, 0.0, 0.0, 0.0
113, 149319792796123, 6.7425585, 9.815119, 2.5771724E-5, 149319788714423, 0.0, 0.0, 0.0
114, 149319802796123, 7.446336, 10.391937, 3.0144274E-5, 149319798714423, 0.0, 0.0, 0.0
115, 149319812796123, 7.9791713, 11.004729, 5.681631E-5, 149319808714423, 0.0, 0.0, 0.0
116, 149319822796123, 8.28977, 11.573339, 6.115688E-5, 149319818714423, 0.0, 0.0, 0.0
117, 149319832796123, 8.443685, 12.143178, 6.186522E-5, 149319828714423, 0.0, 0.0, 0.0
118, 149319842796123, 8.455742, 12.6911745, 8.793718E-5, 149319838714423, 0.0, 0.0, 0.0
119, 149319852796123, 8.457703, 12.780317, 9.217835E-5, 149319848714423, 0.0, 0.0, 0.0
120, 149319862796123, 8.458023, 12.794864, 9.287041E-5, 149319858714423, 0.0, 0.0, 0.0
121, 149319872796123, 7.345753, 13.840067, 9.298372E-5, 149319868714423, 0.0, 0.0, 0.0
122, 149319882796123, 6.4521046, 14.196939, 9.300234E-5, 149319878714423, 0.0, 0.0, 0.0
123, 149319892796123, 5.3054075, 14.381345, 9.3005365E-5, 149319888714423, 0.0, 0.0, 0.0
124, 149319902796123, 4.088631, 14.437642, 6.709066E-5, 149319898714423, 0.0, 0.0, 0.0
125, 149319912796123, 0.7232972, 14.120001, 6.283359E-5, 149319908714423, 0.0, 0.0, 0.0
126, 149319922796123, 0.17474371, 14.068225, 6.213968E-5, 149319918714423, 0.0, 0.0, 0.0
127, 149319932796123, 0.08506356, 14.05976, 6.2026236E-5, 149319928714423, 0.0, 0.0, 0.0
128, 149319942796123, -0.96708184, 13.856937, 6.2007624E-5, 149319938714423, 0.0, 0.0, 0.0
129, 149319952796123, -2.267214, 13.568349, 6.200457E-5, 149319948714423, 0.0, 0.0, 0.0
130, 149319962796123, -3.6653981, 13.208843, 3.6081896E-5, 149319958714423, 0.0, 0.0, 0.0
131, 149319972796123, -4.9951663, 12.780896, 3.183629E-5, 149319968714423, 0.0, 0.0, 0.0
132, 149319982796123, -6.1730623, 12.236156, 3.1138265E-5, 149319978714423, 0.0, 0.0, 0.0
133, 149319992796123, -7.191931, 11.557301, 3.1024312E-5, 149319988714423, 0.0, 0.0, 0.0
134, 149320002796123, -8.075752, 10.761437, 3.1005653E-5, 149319998714423, 0.0, 0.0, 0.0
135, 149320012796123, -8.839812, 9.856296, 5.0605117E-6, 149320008714423, 0.0, 0.0, 0.0
136, 149320022796123, -9.433058, 8.904276, 8.2833475E-7, 149320018714423, 0.0, 0.0, 0.0
137, 149320032796123, -9.804262, 7.921198, 1.3598347E-7, 149320028714423, 0.0, 0.0, 0.0
138, 149320042796123, -9.865192, 7.7598343, 2.2340505E-8, 149320038714423, 0.0, 0.0, 0.0
139, 149320052796123, -9.53213, 5.8007336, 3.6548926E-9, 149320048714423, 0.0, 0.0, 0.0
140, 149320062796123, -9.477673, 5.480408, 5.996788E-10, 149320058714423, 0.0, 0.0, 0.0
141, 149320072796123, -9.066759, 4.946065, 9.8544214E-11, 149320068714423, 0.0, 0.0, 0.0
142, 149320082796123, -8.461863, 4.455109, -2.5936326E-5, 149320078714423, 0.0, 0.0, 0.0
143, 149320092796123, -7.6618624, 4.0528517, -3.0171928E-5, 149320088714423, 0.0, 0.0, 0.0
144, 149320102796123, -6.779148, 3.7772813, -3.086558E-5, 149320098714423, 0.0, 0.0, 0.0
145, 149320112796123, -5.8104777, 3.6060326, -3.097971E-5, 149320108714423, 0.0, 0.0, 0.0
146, 149320122796123, -4.710641, 3.5420709, -3.0998337E-5, 149320118714423, 0.0, 0.0, 0.0
147, 149320132796123, -3.3682003, 3.5932178, -3.1001386E-5, 149320128714423, 0.0, 0.0, 0.0
148, 149320142796123, -3.1477766, 3.6016157, -3.1001888E-5, 149320138714423, 0.0, 0.0, 0.0
149, 149320152796123, -1.7981417, 3.7511342, -3.1001968E-5, 149320148714423, 0.0, 0.0, 0.0
150, 149320162796123, -0.2379604, 3.99361, -3.1001982E-5, 149320158714423, 0.0, 0.0, 0.0
151, 149320172796123, 1.3813703, 4.322771, -3.1001986E-5, 149320168714423, 0.0, 0.0, 0.0
152, 149320182796123, 2.921016, 4.739728, -3.1001986E-5, 149320178714423, 0.0, 0.0, 0.0
153, 149320192796123, 4.2995105, 5.236712, -3.1001986E-5, 149320188714423, 0.0, 0.0, 0.0
154, 149320202796123, 5.6036315, 5.8345766, -3.1001986E-5, 149320198714423, 0.0, 0.0, 0.0
155, 149320212796123, 6.793773, 6.543638, -3.1001986E-5, 149320208714423, 0.0, 0.0, 0.0
156, 149320222796123, 7.704441, 7.3048925, -3.1001986E-5, 149320218714423, 0.0, 0.0, 0.0
157, 149320232796123, 8.477728, 8.271364, -5.0880185E-6, 149320228714423, 0.0, 0.0, 0.0
158, 149320242796123, 9.0153, 9.268874, -8.366681E-7, 149320238714423, 0.0, 0.0, 0.0
159, 149320252796123, 9.360542, 10.310815, -1.3720056E-7, 149320248714423, 0.0, 0.0, 0.0
160, 149320262796123, 9.5209, 11.345831, -2.2559995E-8, 149320258714423, 0.0, 0.0, 0.0
161, 149320272796123, 9.514524, 12.346113, -3.710226E-9, 149320268714423, 0.0, 0.0, 0.0
162, 149320282796123, 9.340837, 13.273319, -6.070635E-10, 149320278714423, 0.0, 0.0, 0.0
163, 149320292796123, 8.994315, 14.100965, -9.959332E-11, 149320288714423, 0.0, 0.0, 0.0
164, 149320302796123, 8.497848, 14.808274, -1.6381172E-11, 149320298714423, 0.0, 0.0, 0.0
165, 149320312796123, 7.79374, 15.389918, -2.67817E-12, 149320308714423, 0.0, 0.0, 0.0
166, 149320322796123, 6.8868504, 15.791336, -4.3887978E-13, 149320318714423, 0.0, 0.0, 0.0
167, 149320332796123, 5.5550385, 16.080048, -7.2111594E-14, 149320328714423, 0.0, 0.0, 0.0
168, 149320342796123, 4.137448, 16.216599, -1.18641686E-14, 149320338714423, 0.0, 0.0, 0.0
169, 149320352796123, 2.6766038, 16.240847, -1.943912E-15, 149320348714423, 0.0, 0.0, 0.0
170, 149320362796123, 0.9463871, 16.14504, -3.1934455E-16, 149320358714423, 0.0, 0.0, 0.0
171, 149320372796123, -0.78634864, 15.930548, -5.2549103E-17, 149320368714423, 0.0, 0.0, 0.0
172, 149320382796123, -2.2594004, 15.658867, -8.602366E-18, 149320378714423, 0.0, 0.0, 0.0
173, 149320392796123, -3.7980847, 15.275824, -1.4118301E-18, 149320388714423, 0.0, 0.0, 0.0
174, 149320402796123, -5.2306886, 14.820479, -2.3228245E-19, 149320398714423, 0.0, 0.0, 0.0
175, 149320412796123, -6.441388, 14.337915, -3.8013667E-20, 149320408714423, 0.0, 0.0, 0.0
176, 149320422796123, -7.5251827, 13.782763, -6.2370997E-21, 149320418714423, 0.0, 0.0, 0.0
177, 149320432796123, -8.355002, 13.23455, -1.0260091E-21, 149320428714423, 0.0, 0.0, 0.0
178, 149320442796123, -9.010163, 12.667434, -1.6885902E-22, 149320438714423, 0.0, 0.0, 0.0
179, 149320452796123, -9.487889, 12.067995, -2.7675462E-23, 149320448714423, 0.0, 0.0, 0.0
180, 149320462796123, -9.773257, 11.40547, -4.5473867E-24, 149320458714423, 0.0, 0.0, 0.0
181, 149320472796123, -9.876776, 10.689445, -7.483656E-25, 149320468714423, 0.0, 0.0, 0.0
182, 149320482796123, -9.807499, 9.854117, -1.2257014E-25, 149320478714423, 0.0, 0.0, 0.0
183, 149320492796123, -9.580619, 9.033049, -2.0122509E-26, 149320488714423, 0.0, 0.0, 0.0
184, 149320502796123, -9.220907, 8.24654, -3.311501E-27, 149320498714423, 0.0, 0.0, 0.0
185, 149320512796123, -9.161651, 8.116976, -5.421556E-28, 149320508714423, 0.0, 0.0, 0.0
186, 149320522796123, -8.673427, 7.384047, -8.897794E-29, 149320518714423, 0.0, 0.0, 0.0
187, 149320532796123, -8.065572, 6.6421328, -1.4639093E-29, 149320528714423, 0.0, 0.0, 0.0
188, 149320542796123, -7.3984747, 5.966708, -2.410295E-30, 149320538714423, 0.0, 0.0, 0.0
189, 149320552796123, -6.6646404, 5.339819, -3.9515536E-31, 149320548714423, 0.0, 0.0, 0.0
190, 149320562796123, -5.8287144, 4.7351227, -6.4943453E-32, 149320558714423, 0.0, 0.0, 0.0
191, 149320572796123, -4.8911695, 4.170853, -1.06942825E-32, 149320568714423, 0.0, 0.0, 0.0
192, 149320582796123, -4.736635, 4.077845, -1.7524314E-33, 149320578714423, 0.0, 0.0, 0.0
193, 149320592796123, -4.7113237, 4.0626106, -2.878354E-34, 149320588714423, 0.0, 0.0, 0.0
194, 149320602796123, -4.707168, 4.06011, -4.7392422E-35, 149320598714423, 0.0, 0.0, 0.0
195, 149320612796123, -1.0979036, 3.3478541, -7.7599825E-36, 149320608714423, 0.0, 0.0, 0.0
196, 149320622796123, 0.6873609, 3.2875693, -1.2736553E-36, 149320618714423, 0.0, 0.0, 0.0
197, 149320632796123, 2.1805727, 3.4219017, -2.0952253E-37, 149320628714423, 0.0, 0.0, 0.0
198, 149320642796123, 3.5514007, 3.6508799, -3.4506605E-38, 149320638714423, 0.0, 0.0, 0.0
199, 149320652796123, 4.8686414, 3.9477613, -5.660206E-39, 149320648714423, 0.0, 0.0, 0.0
200, 149320662796123, 6.2988057, 4.35138, -9.30677E-40, 149320658714423, 0.0, 0.0, 0.0
201, 149320672796123, 7.584835, 4.8171296, -1.53303E-40, 149320668714423, 0.0, 0.0, 0.0
202, 149320682796123, 8.715046, 5.3559875, -2.5127E-41, 149320678714423, 0.0, 0.0, 0.0
203, 149320692796123, 9.707745, 6.0283475, -4.128E-42, 149320688714423, 0.0, 0.0, 0.0
204, 149320702796123, 10.475598, 6.798938, -6.8E-43, 149320698714423, 0.0, 0.0, 0.0
205, 149320712796123, 11.061422, 7.7148504, -1.12E-43, 149320708714423, 0.0, 0.0, 0.0
206, 149320722796123, 11.429014, 8.702507, -1.8E-44, 149320718714423, 0.0, 0.0, 0.0
207, 149320732796123, 11.604991, 9.734274, -2.8E-45, 149320728714423, 0.0, 0.0, 0.0
208, 149320742796123, 11.593556, 10.801111, 0.0, 149320738714423, 0.0, 0.0, 0.0
209, 149320752796123, 11.394885, 11.845389, 0.0, 149320748714423, 0.0, 0.0, 0.0
210, 149320762796123, 11.0323305, 12.830416, 0.0, 149320758714423, 0.0, 0.0, 0.0
211, 149320772796123, 10.972754, 12.992279, 0.0, 149320768714423, 0.0, 0.0, 0.0
212, 149320782796123, 10.516945, 13.737491, 0.0, 149320778714423, 0.0, 0.0, 0.0
213, 149320792796123, 9.834009, 14.526874, 0.0, 149320788714423, 0.0, 0.0, 0.0
214, 149320802796123, 8.880541, 15.252541, 0.0, 149320798714423, 0.0, 0.0, 0.0
215, 149320812796123, 7.824727, 15.77453, 0.0, 149320808714423, 0.0, 0.0, 0.0
216, 149320822796123, 6.6001406, 16.158009, 0.0, 149320818714423, 0.0, 0.0, 0.0
217, 149320832796123, 5.2557745, 16.38603, 0.0, 149320828714423, 0.0, 0.0, 0.0
218, 149320842796123, 3.7814987, 16.459908, 0.0, 149320838714423, 0.0, 0.0, 0.0
219, 149320852796123, 2.137034, 16.407238, 0.0, 149320848714423, 0.0, 0.0, 0.0
220, 149320862796123, 0.27216333, 16.23729, 0.0, 149320858714423, 0.0, 0.0, 0.0
221, 149320872796123, -1.602204, 15.973809, 0.0, 149320868714423, 0.0, 0.0, 0.0
222, 149320882796123, -3.4648163, 15.622969, 0.0, 149320878714423, 0.0, 0.0, 0.0
223, 149320892796123, -5.133027, 15.234041, 0.0, 149320888714423, 0.0, 0.0, 0.0
224, 149320902796123, -6.6863484, 14.800291, 0.0, 149320898714423, 0.0, 0.0, 0.0
225, 149320912796123, -8.185304, 14.284506, 0.0, 149320908714423, 0.0, 0.0, 0.0
226, 149320922796123, -8.432541, 14.199432, 0.0, 149320918714423, 0.0, 0.0, 0.0
227, 149320932796123, -9.471937, 13.719784, 0.0, 149320928714423, 0.0, 0.0, 0.0
228, 149320942796123, -10.34468, 13.212635, 0.0, 149320938714423, 0.0, 0.0, 0.0
229, 149320952796123, -11.053172, 12.66734, 0.0, 149320948714423, 0.0, 0.0, 0.0
230, 149320962796123, -11.561899, 12.081422, 0.0, 149320958714423, 0.0, 0.0, 0.0
231, 149320972796123, -11.8211975, 11.527551, 0.0, 149320968714423, 0.0, 0.0, 0.0
232, 149320982796123, -11.875783, 10.967731, 0.0, 149320978714423, 0.0, 0.0, 0.0
233, 149320992796123, -11.726658, 10.348512, 0.0, 149320988714423, 0.0, 0.0, 0.0
234, 149321002796123, -11.427951, 9.771074, 0.0, 149320998714423, 0.0, 0.0, 0.0
235, 149321012796123, -10.969084, 9.168466, 0.0, 149321008714423, 0.0, 0.0, 0.0
236, 149321022796123, -10.893815, 9.069616, 0.0, 149321018714423, 0.0, 0.0, 0.0
237, 149321032796123, -9.711351, 7.849851, 0.0, 149321028714423, 0.0, 0.0, 0.0
238, 149321042796123, -8.030715, 6.325133, 0.0, 149321038714423, 0.0, 0.0, 0.0
239, 149321052796123, -7.7536674, 6.0737867, 0.0, 149321048714423, 0.0, 0.0, 0.0
240, 149321062796123, -6.891905, 5.4111376, 0.0, 149321058714423, 0.0, 0.0, 0.0
241, 149321072796123, -5.8997297, 4.754638, 0.0, 149321068714423, 0.0, 0.0, 0.0
242, 149321082796123, -4.8293977, 4.1755447, 0.0, 149321078714423, 0.0, 0.0, 0.0
243, 149321092796123, -3.577022, 3.662448, 0.0, 149321088714423, 0.0, 0.0, 0.0
244, 149321102796123, -2.2143104, 3.2739542, 0.0, 149321098714423, 0.0, 0.0, 0.0
245, 149321112796123, -1.9894506, 3.2098489, 0.0, 149321108714423, 0.0, 0.0, 0.0
246, 149321122796123, -1.9525703, 3.1993349, 0.0, 149321118714423, 0.0, 0.0, 0.0
247, 149321132796123, -1.9465084, 3.1976068, 0.0, 149321128714423, 0.0, 0.0, 0.0
248, 149321142796123, 2.6931531, 3.1053112, 0.0, 149321138714423, 0.0, 0.0, 0.0
249, 149321152796123, 4.6681237, 3.3005686, 0.0, 149321148714423, 0.0, 0.0, 0.0
250, 149321162796123, 6.084034, 3.6229844, 0.0, 149321158714423, 0.0, 0.0, 0.0
251, 149321172796123, 7.238972, 4.031243, 0.0, 149321168714423, 0.0, 0.0, 0.0
252, 149321182796123, 8.2296295, 4.5243917, 0.0, 149321178714423, 0.0, 0.0, 0.0
253, 149321192796123, 8.392283, 4.6053605, 0.0, 149321188714423, 0.0, 0.0, 0.0
254, 149321202796123, 9.1435585, 5.1253386, 0.0, 149321198714423, 0.0, 0.0, 0.0
255, 149321212796123, 9.864693, 5.787044, 0.0, 149321208714423, 0.0, 0.0, 0.0
256, 149321222796123, 9.983008, 5.8956094, 0.0, 149321218714423, 0.0, 0.0, 0.0
257, 149321232796123, 10.002458, 5.913456, 0.0, 149321228714423, 0.0, 0.0, 0.0
258, 149321242796123, 11.008043, 7.993077, 0.0, 149321238714423, 0.0, 0.0, 0.0
259, 149321252796123, 11.235949, 9.06679, 0.0, 149321248714423, 0.0, 0.0, 0.0
260, 149321262796123, 11.171089, 10.094839, 0.0, 149321258714423, 0.0, 0.0, 0.0
261, 149321272796123, 10.881912, 11.198117, 0.0, 149321268714423, 0.0, 0.0, 0.0
262, 149321282796123, 10.491341, 12.151824, 0.0, 149321278714423, 0.0, 0.0, 0.0
263, 149321292796123, 9.961323, 13.114783, 0.0, 149321288714423, 0.0, 0.0, 0.0
264, 149321302796123, 9.361075, 13.987208, 0.0, 149321298714423, 0.0, 0.0, 0.0
265, 149321312796123, 8.617938, 14.862004, 0.0, 149321308714423, 0.0, 0.0, 0.0
266, 149321322796123, 7.744582, 15.690013, 0.0, 149321318714423, 0.0, 0.0, 0.0
267, 149321332796123, 6.7874103, 16.406113, 0.0, 149321328714423, 0.0, 0.0, 0.0
268, 149321342796123, 5.8893013, 16.88187, 0.0, 149321338714423, 0.0, 0.0, 0.0
269, 149321352796123, 4.794916, 17.192444, 0.0, 149321348714423, 0.0, 0.0, 0.0
270, 149321362796123, 3.7194824, 17.303896, 0.0, 149321358714423, 0.0, 0.0, 0.0
271, 149321372796123, 2.503242, 17.249783, 0.0, 149321368714423, 0.0, 0.0, 0.0
272, 149321382796123, 1.2520714, 17.06086, 0.0, 149321378714423, 0.0, 0.0, 0.0
273, 149321392796123, -0.27381846, 16.724688, 0.0, 149321388714423, 0.0, 0.0, 0.0
274, 149321402796123, -1.8219639, 16.30906, 0.0, 149321398714423, 0.0, 0.0, 0.0
275, 149321412796123, -3.439953, 15.793837, 0.0, 149321408714423, 0.0, 0.0, 0.0
276, 149321422796123, -3.705802, 15.709183, 0.0, 149321418714423, 0.0, 0.0, 0.0
277, 149321432796123, -5.212081, 15.133379, 0.0, 149321428714423, 0.0, 0.0, 0.0
278, 149321442796123, -6.8102813, 14.446339, 0.0, 149321438714423, 0.0, 0.0, 0.0
279, 149321452796123, -8.420562, 13.618113, 0.0, 149321448714423, 0.0, 0.0, 0.0
280, 149321462796123, -9.694731, 12.80836, 0.0, 149321458714423, 0.0, 0.0, 0.0
281, 149321472796123, -10.78627, 11.947947, 0.0, 149321468714423, 0.0, 0.0, 0.0
282, 149321482796123, -11.7236805, 10.901409, 0.0, 149321478714423, 0.0, 0.0, 0.0
283, 149321492796123, -12.31203, 9.862259, 0.0, 149321488714423, 0.0, 0.0, 0.0
284, 149321502796123, -12.625447, 8.88687, 0.0, 149321498714423, 0.0, 0.0, 0.0
285, 149321512796123, -12.726935, 7.8271546, 0.0, 149321508714423, 0.0, 0.0, 0.0
286, 149321522796123, -12.617396, 6.8974, 0.0, 149321518714423, 0.0, 0.0, 0.0
287, 149321532796123, -12.294937, 6.004696, 0.0, 149321528714423, 0.0, 0.0, 0.0
288, 149321542796123, -11.737932, 5.1835747, 0.0, 149321538714423, 0.0, 0.0, 0.0
289, 149321552796123, -10.8782625, 4.42773, 0.0, 149321548714423, 0.0, 0.0, 0.0
290, 149321562796123, -9.916803, 3.8623743, 0.0, 149321558714423, 0.0, 0.0, 0.0
291, 149321572796123, -8.685704, 3.3798633, 0.0, 149321568714423, 0.0, 0.0, 0.0
292, 149321582796123, -7.4946513, 3.0685592, 0.0, 149321578714423, 0.0, 0.0, 0.0
293, 149321592796123, -6.3001003, 2.893688, 0.0, 149321588714423, 0.0, 0.0, 0.0
294, 149321602796123, -4.9931154, 2.8490946, 0.0, 149321598714423, 0.0, 0.0, 0.0
295, 149321612796123, -3.6171591, 2.9367228, 0.0, 149321608714423, 0.0, 0.0, 0.0
296, 149321622796123, -2.2665687, 3.1374645, 0.0, 149321618714423, 0.0, 0.0, 0.0
297, 149321632796123, -2.0447567, 3.170433, 0.0, 149321628714423, 0.0, 0.0, 0.0
298, 149321642796123, -0.35357118, 3.6054974, 0.0, 149321638714423, 0.0, 0.0, 0.0
299, 149321652796123, 0.873057, 4.0051436, 0.0, 149321648714423, 0.0, 0.0, 0.0
300, 149321662796123, 2.1302133, 4.511519, 0.0, 149321658714423, 0.0, 0.0, 0.0
301, 149321672796123, 3.3476841, 5.1031656, 0.0, 149321668714423, 0.0, 0.0, 0.0
302, 149321682796123, 4.2850413, 5.6379056, 0.0, 149321678714423, 0.0, 0.0, 0.0
303, 149321692796123, 5.2021956, 6.223086, 0.0, 149321688714423, 0.0, 0.0, 0.0
304, 149321702796123, 6.0840116, 6.8169584, 0.0, 149321698714423, 0.0, 0.0, 0.0
305, 149321712796123, 6.9844904, 7.4582996, 0.0, 149321708714423, 0.0, 0.0, 0.0
306, 149321722796123, 7.8033047, 8.08124, 0.0, 149321718714423, 0.0, 0.0, 0.0
307, 149321732796123, 8.561155, 8.707746, 0.0, 149321728714423, 0.0, 0.0, 0.0
308, 149321742796123, 9.2515335, 9.344889, 0.0, 149321738714423, 0.0, 0.0, 0.0
309, 149321752796123, 9.765354, 9.938778, 0.0, 149321748714423, 0.0, 0.0, 0.0
310, 149321762796123, 10.085657, 10.541414, 0.0, 149321758714423, 0.0, 0.0, 0.0
311, 149321772796123, 10.138309, 10.640476, 0.0, 149321768714423, 0.0, 0.0, 0.0
312, 149321782796123, 10.077103, 11.53134, 0.0, 149321778714423, 0.0, 0.0, 0.0
313, 149321792796123, 10.067009, 11.678245, 0.0, 149321788714423, 0.0, 0.0, 0.0
314, 149321802796123, 9.782906, 12.11205, 0.0, 149321798714423, 0.0, 0.0, 0.0
315, 149321812796123, 9.310994, 12.559379, 0.0, 149321808714423, 0.0, 0.0, 0.0
316, 149321822796123, 8.713541, 12.954939, 0.0, 149321818714423, 0.0, 0.0, 0.0
317, 149321832796123, 8.010069, 13.29538, 0.0, 149321828714423, 0.0, 0.0, 0.0
318, 149321842796123, 7.219324, 13.579621, 0.0, 149321838714423, 0.0, 0.0, 0.0
319, 149321852796123, 6.3783484, 13.80143, 0.0, 149321848714423, 0.0, 0.0, 0.0
320, 149321862796123, 5.601378, 13.948187, 0.0, 149321858714423, 0.0, 0.0, 0.0
321, 149321872796123, 4.707351, 14.053377, 0.0, 149321868714423, 0.0, 0.0, 0.0
322, 149321882796123, 3.850546, 14.099843, 0.0, 149321878714423, 0.0, 0.0, 0.0
323, 149321892796123, 3.0424974, 14.095972, 0.0, 149321888714423, 0.0, 0.0, 0.0
324, 149321902796123, 2.2347531, 14.045151, 0.0, 149321898714423, 0.0, 0.0, 0.0
325, 149321912796123, 0.32508308, 13.618378, 0.0, 149321908714423, 0.0, 0.0, 0.0
326, 149321922796123, 0.010857567, 13.548155, 0.0, 149321918714423, 0.0, 0.0, 0.0
327, 149321932796123, -0.04093664, 13.536579, 0.0, 149321928714423, 0.0, 0.0, 0.0
328, 149321942796123, -0.049498077, 13.534666, 0.0, 149321938714423, 0.0, 0.0, 0.0
329, 149321952796123, -0.5113175, 13.337676, 0.0, 149321948714423, 0.0, 0.0, 0.0
330, 149321962796123, -1.0104464, 13.083891, 0.0, 149321958714423, 0.0, 0.0, 0.0
331, 149321972796123, -1.4801414, 12.799177, 0.0, 149321968714423, 0.0, 0.0, 0.0
332, 149321982796123, -1.8742714, 12.519699, 0.0, 149321978714423, 0.0, 0.0, 0.0
333, 149321992796123, -1.9391592, 12.473687, 0.0, 149321988714423, 0.0, 0.0, 0.0
334, 149322002796123, -2.4923358, 11.968496, 0.0, 149321998714423, 0.0, 0.0, 0.0
335, 149322012796123, -2.8062832, 11.623816, 0.0, 149322008714423, 0.0, 0.0, 0.0
336, 149322022796123, -3.0225058, 11.337037, 0.0, 149322018714423, 0.0, 0.0, 0.0
337, 149322032796123, -3.2060604, 11.037471, 0.0, 149322028714423, 0.0, 0.0, 0.0
338, 149322042796123, -3.3348937, 10.77455, 0.0, 149322038714423, 0.0, 0.0, 0.0
339, 149322052796123, -3.4355547, 10.495719, 0.0, 149322048714423, 0.0, 0.0, 0.0
340, 149322062796123, -3.4940972, 10.252906, 0.0, 149322058714423, 0.0, 0.0, 0.0
341, 149322072796123, -3.5200639, 10.034551, 0.0, 149322068714423, 0.0, 0.0, 0.0
342, 149322082796123, -3.518402, 9.844112, 0.0, 149322078714423, 0.0, 0.0, 0.0
343, 149322092796123, -3.4895759, 9.6652975, 0.0, 149322088714423, 0.0, 0.0, 0.0
344, 149322102796123, -3.4393792, 9.521757, 0.0, 149322098714423, 0.0, 0.0, 0.0
345, 149322112796123, -3.3608198, 9.393394, 0.0, 149322108714423, 0.0, 0.0, 0.0
346, 149322122796123, -3.3478863, 9.372261, 0.0, 149322118714423, 0.0, 0.0, 0.0
347, 149322132796123, -3.1660724, 9.22613, 0.0, 149322128714423, 0.0, 0.0, 0.0
348, 149322142796123, -3.0439374, 9.160583, 0.0, 149322138714423, 0.0, 0.0, 0.0
349, 149322152796123, -2.884949, 9.106715, 0.0, 149322148714423, 0.0, 0.0, 0.0
350, 149322162796123, -2.7370982, 9.071333, 0.0, 149322158714423, 0.0, 0.0, 0.0
351, 149322172796123, -2.5921898, 9.045095, 0.0, 149322168714423, 0.0, 0.0, 0.0
352, 149322182796123, -2.5682204, 9.040756, 0.0, 149322178714423, 0.0, 0.0, 0.0
353, 149322192796123, -2.3243108, 9.013405, 0.0, 149322188714423, 0.0, 0.0, 0.0
354, 149322202796123, -2.1686254, 8.998929, -2.5878719E-5, 149322198714423, 0.0, 0.0, 0.0
355, 149322212796123, -2.1428802, 8.996535, -3.0158186E-5, 149322208714423, 0.0, 0.0, 0.0
356, 149322222796123, -2.0172029, 8.984363, -3.0862782E-5, 149322218714423, 0.0, 0.0, 0.0
357, 149322232796123, -1.8914592, 8.9710455, -3.0978983E-5, 149322228714423, 0.0, 0.0, 0.0
358, 149322242796123, -1.7830658, 8.957952, -3.0998184E-5, 149322238714423, 0.0, 0.0, 0.0
359, 149322252796123, -1.672731, 8.941934, -3.100136E-5, 149322248714423, 0.0, 0.0, 0.0
360, 149322262796123, -1.551715, 8.921797, -3.1001884E-5, 149322258714423, 0.0, 0.0, 0.0
361, 149322272796123, -1.4153696, 8.898005, -3.100197E-5, 149322268714423, 0.0, 0.0, 0.0
362, 149322282796123, -1.2670865, 8.872838, -5.1107722E-6, 149322278714423, 0.0, 0.0, 0.0
363, 149322292796123, -1.07718, 8.843895, -8.4389706E-7, 149322288714423, 0.0, 0.0, 0.0
364, 149322302796123, -0.8850319, 8.819813, -1.3951308E-7, 149322298714423, 0.0, 0.0, 0.0
365, 149322312796123, -0.6806268, 8.80191, -2.307023E-8, 149322308714423, 0.0, 0.0, 0.0
366, 149322322796123, -0.47519547, 8.794186, -3.807797E-9, 149322318714423, 0.0, 0.0, 0.0
367, 149322332796123, -0.27056396, 8.800674, -6.2949357E-10, 149322328714423, 0.0, 0.0, 0.0
368, 149322342796123, -0.07868186, 8.825891, -1.040732E-10, 149322338714423, 0.0, 0.0, 0.0
369, 149322352796123, 0.08093769, 8.870444, -1.7170222E-11, 149322348714423, 0.0, 0.0, 0.0
370, 149322362796123, 0.20508614, 8.935115, -2.837352E-12, 149322358714423, 0.0, 0.0, 0.0
371, 149322372796123, 0.2902121, 9.019055, -4.691222E-13, 149322368714423, 0.0, 0.0, 0.0
372, 149322382796123, 0.33538613, 9.123397, -7.737143E-14, 149322378714423, 0.0, 0.0, 0.0
373, 149322392796123, 0.3386157, 9.245211, -1.2781128E-14, 149322388714423, 0.0, 0.0, 0.0
374, 149322402796123, 0.30302674, 9.376672, -2.1134514E-15, 149322398714423, 0.0, 0.0, 0.0
375, 149322412796123, 0.23810008, 9.507645, -3.4823878E-16, 149322408714423, 0.0, 0.0, 0.0
376, 149322422796123, 0.15114622, 9.635868, -5.7470974E-17, 149322418714423, 0.0, 0.0, 0.0
377, 149322432796123, 0.06964835, 9.735379, -2.5877498E-5, 149322428714423, 0.0, 0.0, 0.0
378, 149322442796123, 0.015217066, 9.794211, -3.0154613E-5, 149322438714423, 0.0, 0.0, 0.0
379, 149322452796123, 0.0025101309, 9.807386, -4.974154E-6, 149322448714423, 0.0, 0.0, 0.0
380, 149322462796123, 4.147053E-4, 9.809559, -8.2179304E-7, 149322458714423, 0.0, 0.0, 0.0
381, 149322472796123, 6.858966E-5, 9.809917, -1.3591942E-7, 149322468714423, 0.0, 0.0, 0.0
382, 149322482796123, 1.1312228E-5, 9.809977, -2.2416666E-8, 149322478714423, 0.0, 0.0, 0.0
383, 149322492796123, 1.8684973E-6, 9.809987, -3.7026728E-9, 149322488714423, 0.0, 0.0, 0.0
384, 149322502796123, 3.0906918E-7, 9.809989, -6.124612E-10, 149322498714423, 0.0, 0.0, 0.0
385, 149322512796123, 5.096642E-8, 9.809989, -1.0099666E-10, 149322508714423, 0.0, 0.0, 0.0
386, 149322522796123, 8.416173E-9, 9.80999, -1.6677753E-11, 149322518714423, 0.0, 0.0, 0.0
387, 149322532796123, 1.3919392E-9, 9.80999, -2.7583107E-12, 149322528714423, 0.0, 0.0, 0.0
388, 149322542796123, 2.3025687E-10, 9.80999, -4.5628426E-13, 149322538714423, 0.0, 0.0, 0.0
389, 149322552796123, 3.8011146E-11, 9.809989, -7.5324085E-14, 149322548714423, 0.0, 0.0, 0.0
390, 149322562796123, 6.2846573E-12, 9.80999, -1.2453875E-14, 149322558714423, 0.0, 0.0, 0.0
391, 149322572796123, 1.0393898E-12, 9.80999, -2.0596875E-15, 149322568714423, 0.0, 0.0, 0.0
392, 149322582796123, 1.714562E-13, 9.809989, -3.39763E-16, 149322578714423, 0.0, 0.0, 0.0
393, 149322592796123, 2.8325561E-14, 9.809989, -5.613082E-17, 149322588714423, 0.0, 0.0, 0.0
394, 149322602796123, 4.6845026E-15, 9.809989, -9.2829575E-18, 149322598714423, 0.0, 0.0, 0.0
395, 149322612796123, 7.739309E-16, 9.809989, -1.5336458E-18, 149322608714423, 0.0, 0.0, 0.0
396, 149322622796123, 1.2783772E-16, 9.80999, -2.5332724E-19, 149322618714423, 0.0, 0.0, 0.0
397, 149322632796123, 2.1148065E-17, 9.809989, -4.190767E-20, 149322628714423, 0.0, 0.0, 0.0
398, 149322642796123, 3.49818E-18, 9.809988, -6.932103E-21, 149322638714423, 0.0, 0.0, 0.0
399, 149322652796123, 5.774972E-19, 9.809988, -1.1443866E-21, 149322648714423, 0.0, 0.0, 0.0
400, 149322662796123, 9.5475984E-20, 9.809989, -1.8919823E-22, 149322658714423, 0.0, 0.0, 0.0
401, 149322672796123, 1.5796332E-20, 9.809989, -3.130251E-23, 149322668714423, 0.0, 0.0, 0.0
402, 149322682796123, 2.6067105E-21, 9.809989, -5.1655397E-24, 149322678714423, 0.0, 0.0, 0.0
403, 149322692796123, 4.3079267E-22, 9.80999, -8.536723E-25, 149322688714423, 0.0, 0.0, 0.0
404, 149322702796123, 7.1265865E-23, 9.809989, -1.4122268E-25, 149322698714423, 0.0, 0.0, 0.0
405, 149322712796123, 1.1754754E-23, 9.809989, -2.3293591E-26, 149322708714423, 0.0, 0.0, 0.0
406, 149322722796123, 1.9417085E-24, 9.809989, -3.8477507E-27, 149322718714423, 0.0, 0.0, 0.0
407, 149322732796123, 3.2121805E-25, 9.809989, -6.365358E-28, 149322728714423, 0.0, 0.0, 0.0
408, 149322742796123, 5.314884E-26, 9.80999, -1.053214E-28, 149322738714423, 0.0, 0.0, 0.0
409, 149322752796123, 8.774496E-27, 9.809989, -1.7387816E-29, 149322748714423, 0.0, 0.0, 0.0
410, 149322762796123, 1.4507721E-27, 9.80999, -2.8748954E-30, 149322758714423, 0.0, 0.0, 0.0
411, 149322772796123, 2.3999052E-28, 9.809989, -4.755727E-31, 149322768714423, 0.0, 0.0, 0.0
412, 149322782796123, 3.9602163E-29, 9.809989, -7.8476884E-32, 149322778714423, 0.0, 0.0, 0.0
413, 149322792796123, 6.54464E-30, 9.809989, -1.2969063E-32, 149322788714423, 0.0, 0.0, 0.0
414, 149322802796123, 1.0829622E-30, 9.80999, -2.1460315E-33, 149322798714423, 0.0, 0.0, 0.0
415, 149322812796123, 1.7865602E-31, 9.809989, -3.5403034E-34, 149322808714423, 0.0, 0.0, 0.0
416, 149322822796123, 2.951614E-32, 9.809989, -5.84901E-35, 149322818714423, 0.0, 0.0, 0.0
417, 149322832796123, 4.8834543E-33, 9.809989, -9.677205E-36, 149322828714423, 0.0, 0.0, 0.0
418, 149322842796123, 8.080565E-34, 9.809989, -1.6012699E-36, 149322838714423, 0.0, 0.0, 0.0
419, 149322852796123, 1.3339782E-34, 9.809989, -2.6434527E-37, 149322848714423, 0.0, 0.0, 0.0
420, 149322862796123, 2.2053728E-35, 9.809989, -4.3702354E-38, 149322858714423, 0.0, 0.0, 0.0
421, 149322872796123, 3.6493823E-36, 9.809989, -7.23173E-39, 149322868714423, 0.0, 0.0, 0.0
422, 149322882796123, 6.0241305E-37, 9.809988, -1.19376E-39, 149322878714423, 0.0, 0.0, 0.0
423, 149322892796123, 9.957903E-38, 9.809989, -1.9733E-40, 149322888714423, 0.0, 0.0, 0.0
424, 149322902796123, 1.6476501E-38, 9.809989, -3.265E-41, 149322898714423, 0.0, 0.0, 0.0
425, 149322912796123, 2.718368E-39, 9.809989, -5.387E-42, 149322908714423, 0.0, 0.0, 0.0
426, 149322922796123, 4.49139E-40, 9.809989, -8.9E-43, 149322918714423, 0.0, 0.0, 0.0
427, 149322932796123, 7.4316E-41, 9.809989, -1.47E-43, 149322928714423, 0.0, 0.0, 0.0
428, 149322942796123, 1.2298E-41, 9.809989, -2.4E-44, 149322938714423, 0.0, 0.0, 0.0
429, 149322952796123, 2.03E-42, 9.809988, -4.2E-45, 149322948714423, 0.0, 0.0, 0.0
430, 149322962796123, 3.36E-43, 9.809989, 0.0, 149322958714423, 0.0, 0.0, 0.0
431, 149322972796123, 5.6E-44, 9.809989, 0.0, 149322968714423, 0.0, 0.0, 0.0
432, 149322982796123, 9.8E-45, 9.809989, 0.0, 149322978714423, 0.0, 0.0, 0.0
433, 149322992796123, 1.4E-45, 9.809988, 0.0, 149322988714423, 0.0, 0.0, 0.0
434, 149323002796123, 0.0, 9.809989, 0.0, 149322998714423, 0.0, 0.0, 0.0
435, 149323012796123, 0.0, 9.809989, 0.0, 149323008714423, 0.0, 0.0, 0.0
436, 149323022796123, 0.0, 9.809989, 0.0, 149323018714423, 0.0, 0.0, 0.0
437, 149323032796123, 0.0, 9.809989, 0.0, 149323028714423, 0.0, 0.0, 0.0
438, 149323042796123, 0.0, 9.809989, 0.0, 149323038714423, 0.0, 0.0, 0.0
439, 149323052796123, 0.0, 9.809988, 0.0, 149323048714423, 0.0, 0.0, 0.0
440, 149323062796123, 0.0, 9.809989, 0.0, 149323058714423, 0.0, 0.0, 0.0
441, 149323072796123, 0.0, 9.809989, 0.0, 149323068714423, 0.0, 0.0, 0.0
442, 149323082796123, 0.0, 9.809989, 0.0, 149323078714423, 0.0, 0.0, 0.0
443, 149323092796123, 0.0, 9.809989, 0.0, 149323088714423, 0.0, 0.0, 0.0
444, 149323102796123, 0.0, 9.809989, 0.0, 149323098714423, 0.0, 0.0, 0.0
445, 149323112796123, 0.0, 9.809989, 0.0, 149323108714423, 0.0, 0.0, 0.0
446, 149323122796123, 0.0, 9.809989, 0.0, 149323118714423, 0.0, 0.0, 0.0
447, 149323132796123, 0.0, 9.809989, 0.0, 149323128714423, 0.0, 0.0, 0.0
448, 149323142796123, 0.0, 9.809989, 0.0, 149323138714423, 0.0, 0.0, 0.0
449, 149323152796123, 0.0, 9.809988, 0.0, 149323148714423, 0.0, 0.0, 0.0
450, 149323162796123, 0.0, 9.809988, 0.0, 149323158714423, 0.0, 0.0, 0.0
451, 149323172796123, 0.0, 9.809988, 0.0, 149323168714423, 0.0, 0.0, 0.0
452, 149323182796123, 0.0, 9.809989, 0.0, 149323178714423, 0.0, 0.0, 0.0
453, 149323192796123, 0.0, 9.809989, 0.0, 149323188714423, 0.0, 0.0, 0.0
454, 149323202796123, 0.0, 9.80999, 0.0, 149323198714423, 0.0, 0.0, 0.0
455, 149323212796123, 0.0, 9.809989, 0.0, 149323208714423, 0.0, 0.0, 0.0
456, 149323222796123, 0.0, 9.809988, 0.0, 149323218714423, 0.0, 0.0, 0.0
457, 149323232796123, 0.0, 9.809989, 0.0, 149323228714423, 0.0, 0.0, 0.0
458, 149323242796123, 0.0, 9.80999, 0.0, 149323238714423, 0.0, 0.0, 0.0
459, 149323252796123, 0.0, 9.809989, 0.0, 149323248714423, 0.0, 0.0, 0.0
460, 149323262796123, 0.0, 9.809989, 0.0, 149323258714423, 0.0, 0.0, 0.0
461, 149323272796123, 0.0, 9.809989, 0.0, 149323268714423, 0.0, 0.0, 0.0
462, 149323282796123, 0.0, 9.809989, 0.0, 149323278714423, 0.0, 0.0, 0.0
463, 149323292796123, 0.0, 9.809989, 0.0, 149323288714423, 0.0, 0.0, 0.0
464, 149323302796123, 0.0, 9.809989, 0.0, 149323298714423, 0.0, 0.0, 0.0
465, 149323312796123, 0.0, 9.809989, 0.0, 149323308714423, 0.0, 0.0, 0.0
466, 149323322796123, 0.0, 9.809989, 0.0, 149323318714423, 0.0, 0.0, 0.0
467, 149323332796123, 0.0, 9.809989, 0.0, 149323328714423, 0.0, 0.0, 0.0
468, 149323342796123, 0.0, 9.809989, 0.0, 149323338714423, 0.0, 0.0, 0.0
469, 149323352796123, 0.0, 9.809989, 0.0, 149323348714423, 0.0, 0.0, 0.0
470, 149323362796123, 0.0, 9.809989, 0.0, 149323358714423, 0.0, 0.0, 0.0
471, 149323372796123, 0.0, 9.809989, 0.0, 149323368714423, 0.0, 0.0, 0.0
472, 149323382796123, 0.0, 9.809988, 0.0, 149323378714423, 0.0, 0.0, 0.0
473, 149323392796123, 0.0, 9.809988, 0.0, 149323388714423, 0.0, 0.0, 0.0
474, 149323402796123, 0.0, 9.809988, 0.0, 149323398714423, 0.0, 0.0, 0.0
475, 149323412796123, 0.0, 9.809989, 0.0, 149323408714423, 0.0, 0.0, 0.0
476, 149323422796123, 0.0, 9.809989, 0.0, 149323418714423, 0.0, 0.0, 0.0
477, 149323432796123, 0.0, 9.809989, 0.0, 149323428714423, 0.0, 0.0, 0.0
478, 149323442796123, 0.0, 9.809989, 0.0, 149323438714423, 0.0, 0.0, 0.0
479, 149323452796123, 0.0, 9.809989, 0.0, 149323448714423, 0.0, 0.0, 0.0
480, 149323462796123, 0.0, 9.809989, 0.0, 149323458714423, 0.0, 0.0, 0.0
481, 149323472796123, 0.0, 9.809989, 0.0, 149323468714423, 0.0, 0.0, 0.0
482, 149323482796123, 0.0, 9.809989, 0.0, 149323478714423, 0.0, 0.0, 0.0
483, 149323492796123, 0.0, 9.809989, 0.0, 149323488714423, 0.0, 0.0, 0.0
484, 149323502796123, 0.0, 9.809989, 0.0, 149323498714423, 0.0, 0.0, 0.0
485, 149323512796123, 0.0, 9.809989, 0.0, 149323508714423, 0.0, 0.0, 0.0
486, 149323522796123, 0.0, 9.809989, 0.0, 149323518714423, 0.0, 0.0, 0.0
487, 149323532796123, 0.0, 9.809989, 0.0, 149323528714423, 0.0, 0.0, 0.0
488, 149323542796123, 0.0, 9.809988, 0.0, 149323538714423, 0.0, 0.0, 0.0
489, 149323552796123, 0.0, 9.809989, 0.0, 149323548714423, 0.0, 0.0, 0.0
490, 149323562796123, 0.0, 9.809988, 0.0, 149323558714423, 0.0, 0.0, 0.0
491, 149323572796123, 0.0, 9.809988, -0.014485818, 149323568714423, 0.19044472, 0.0, 0.0
492, 149323582796123, -4.658819E-4, 9.809627, -0.08060858, 149323578714423, 0.35474437, -0.07623448, -5.214397E-4
493, 149323592796123, -0.0026646105, 9.808868, -0.14635603, 149323588714423, 0.5249127, -0.31860802, -0.007285051
494, 149323602796123, -0.00802082, 9.807398, -0.22311333, 149323598714423, 0.6999035, -0.7352127, -0.024361674
495, 149323612796123, -0.018250551, 9.804773, -0.3164162, 149323608714423, 0.8637154, -1.2495897, -0.047420323
496, 149323622796123, -0.033756755, 9.800821, -0.4199533, 149323618714423, 1.0138623, -1.8164998, -0.07106338
497, 149323632796123, -0.05629099, 9.794942, -0.5371326, 149323628714423, 1.1378796, -2.3579993, -0.0894707
498, 149323642796123, -0.08529626, 9.787243, -0.65954673, 149323638714423, 1.2419556, -2.8835092, -0.102948345
499, 149323652796123, -0.12149175, 9.777402, -0.7871695, 149323648714423, 1.3171177, -3.3507378, -0.10737376
500, 149323662796123, -0.16449487, 9.765478, -0.9165042, 149323658714423, 1.364274, -3.764251, -0.10049004
501, 149323672796123, -0.17160976, 9.763506, -0.93790275, 149323668714423, 1.3865716, -4.11977, -0.08360362
502, 149323682796123, -0.21404237, 9.751403, -1.0475589, 149323678714423, 1.3902663, -4.1786757, -0.08080572
503, 149323692796123, -0.26237115, 9.736545, -1.1674318, 149323688714423, 1.3071066, -4.7051563, 0.0902277
504, 149323702796123, -0.31692457, 9.71955, -1.2890173, 149323698714423, 1.3448776, -4.569335, 0.029440854
505, 149323712796123, -0.37508082, 9.701363, -1.405353, 149323708714423, 1.3448756, -4.403658, 0.042108834
506, 149323722796123, -0.43035355, 9.682084, -1.5179203, 149323718714423, 1.2983503, -4.296081, 0.16145945
507, 149323732796123, -0.4766695, 9.660529, -1.6368315, 149323728714423, 1.2011733, -4.218214, 0.4197138
508, 149323742796123, -0.5182781, 9.641154, -1.7357312, 149323738714423, 1.2423258, -4.1974916, 0.1904203
509, 149323752796123, -0.5984326, 9.617112, -1.839896, 149323748714423, 1.2622955, -4.0933685, -0.2241554
510, 149323762796123, -0.7201563, 9.589907, -1.9353696, 149323758714423, 1.22241, -3.9326277, -0.700111
511, 149323772796123, -0.8936853, 9.557729, -2.019558, 149323768714423, 1.1119407, -3.751166, -1.226877
512, 149323782796123, -1.0663329, 9.5244465, -2.091687, 149323778714423, 1.0936352, -3.7210963, -1.314166
513, 149323792796123, -1.2140763, 9.487046, -2.1795135, 149323788714423, 1.4307857, -3.698796, -0.5008612
514, 149323802796123, -1.3183632, 9.448269, -2.2851934, 149323798714423, 1.7159973, -3.4751534, -0.066700906
515, 149323812796123, -1.3934149, 9.399604, -2.436152, 149323808714423, 2.0626411, -3.0608075, 0.24527732
516, 149323822796123, -1.4577138, 9.351539, -2.5794327, 149323818714423, 1.8936197, -3.280157, 0.117663845
517, 149323832796123, -1.552988, 9.30083, -2.7041156, 149323828714423, 1.8656712, -3.3164272, 0.09656246
518, 149323842796123, -1.6734443, 9.249445, -2.8066006, 149323838714423, 1.7140043, -3.4250474, -0.1273868
519, 149323852796123, -1.8064369, 9.197404, -2.8938146, 149323848714423, 1.5750247, -3.39089, -0.2959845
520, 149323862796123, -1.9236997, 9.1511345, -2.9642906, 149323858714423, 1.4155113, -3.2237701, -0.27377903
521, 149323872796123, -1.9989488, 9.117845, -3.0170798, 149323868714423, 1.2471833, -2.9476025, -0.05819445
522, 149323882796123, -2.01142, 9.112328, -3.0258286, 149323878714423, 1.1192839, -2.603801, 0.23813102
523, 149323892796123, -2.0188618, 9.0774975, -3.1236746, 149323888714423, 1.0980793, -2.5468016, 0.28725925
524, 149323902796123, -1.9608845, 9.061519, -3.2058725, 149323898714423, 1.1205401, -1.8119202, 0.95377904
525, 149323912796123, -1.845685, 9.048053, -3.3101792, 149323908714423, 1.2507566, -1.3504281, 1.418129
526, 149323922796123, -1.6671454, 9.029553, -3.4514985, 149323918714423, 1.4684728, -0.93288386, 1.8811104
527, 149323932796123, -1.6376193, 9.026495, -3.474869, 149323928714423, 1.7480124, -0.5372766, 2.349522
528, 149323942796123, -1.438141, 9.000897, -3.6247776, 149323938714423, 2.0464594, -0.25120673, 2.7775846
529, 149323952796123, -0.90441364, 8.8958435, -4.023654, 149323948714423, 2.3356965, -0.09860795, 3.1493464
530, 149323962796123, -0.8161795, 8.878477, -4.0895953, 149323958714423, 2.5569718, -0.035517737, 3.4274473
531, 149323972796123, -0.5419597, 8.80186, -4.294426, 149323968714423, 2.5655468, -0.048851546, 3.4614887
532, 149323982796123, -0.024779722, 8.616891, -4.678815, 149323978714423, 2.3969893, -0.19006796, 3.3240554
533, 149323992796123, 0.24106063, 8.505296, -4.878317, 149323988714423, 2.1459124, -0.452676, 3.132696
534, 149324002796123, 0.28504148, 8.486833, -4.911322, 149323998714423, 1.8071481, -0.8428858, 2.894856
535, 149324012796123, 0.44209543, 8.407817, -5.0337934, 149324008714423, 1.4607147, -1.2367378, 2.673801
536, 149324022796123, 0.610162, 8.313935, -5.170093, 149324018714423, 1.5678813, -1.163828, 2.706828
537, 149324032796123, 0.7774601, 8.207175, -5.31597, 149324028714423, 1.6251345, -1.2009966, 2.6664007
538, 149324042796123, 0.9298948, 8.090297, -5.468452, 149324038714423, 1.5759068, -1.3964189, 2.5119417
539, 149324052796123, 1.0427705, 7.9766893, -5.6133175, 149324048714423, 1.426275, -1.7272042, 2.2675514
540, 149324062796123, 1.1056166, 7.8662524, -5.7555676, 149324058714423, 1.4015342, -1.7818978, 2.227143
541, 149324072796123, 1.1469297, 7.7699084, -5.8772755, 149324068714423, 1.3561444, -1.801379, 2.1683147
542, 149324082796123, 1.2295722, 7.6536646, -6.0113873, 149324078714423, 1.3486202, -1.8046083, 2.1585627
543, 149324092796123, 1.2432301, 7.634453, -6.033551, 149324088714423, 1.4954959, -1.321761, 2.3819475
544, 149324102796123, 1.4800444, 7.4189386, -6.2430353, 149324098714423, 1.5197984, -1.2418675, 2.4189093
545, 149324112796123, 1.6715629, 7.2710876, -6.3681746, 149324108714423, 1.4403992, -0.5890664, 2.5586193
546, 149324122796123, 1.7032068, 7.2466593, -6.388851, 149324118714423, 1.1782297, -0.23339331, 2.5340054
547, 149324132796123, 1.7084413, 7.2426186, -6.392272, 149324128714423, 1.1348608, -0.17455682, 2.5299335
548, 149324142796123, 2.215453, 7.02752, -6.471496, 149324138714423, 0.49584764, 0.5337572, 2.438327
549, 149324152796123, 2.2994776, 6.991873, -6.4846253, 149324148714423, 0.01972678, 0.9856913, 2.362731
550, 149324162796123, 2.3133705, 6.985979, -6.486797, 149324158714423, -0.05900242, 1.0604211, 2.3502307
551, 149324172796123, 2.6815016, 6.831936, -6.5067873, 149324168714423, 0.6376829, 0.2505573, 2.3406532
552, 149324182796123, 2.9775364, 6.594939, -6.6212387, 149324178714423, 1.0269053, -0.32187384, 2.265028
553, 149324192796123, 3.1684203, 6.468736, -6.658526, 149324188714423, 0.76392055, 5.4001436E-4, 2.3194532
554, 149324202796123, 3.3597424, 6.3878365, -6.6432285, 149324198714423, 0.3007614, 0.38239127, 2.3472316
555, 149324212796123, 3.5610793, 6.344412, -6.5796986, 149324208714423, -0.27402854, 0.70219845, 2.3334825
556, 149324222796123, 3.7558458, 6.330716, -6.483846, 149324218714423, -0.8231397, 0.8538169, 2.268611
557, 149324232796123, 3.9236813, 6.3372717, -6.377302, 149324228714423, -1.2230983, 0.7558282, 2.1623461
558, 149324242796123, 4.062957, 6.35623, -6.2704997, 149324238714423, -1.4768196, 0.44638163, 2.0277524
559, 149324252796123, 4.173368, 6.376889, -6.176494, 149324248714423, -1.5510397, 0.048696075, 1.8830543
560, 149324262796123, 4.2616262, 6.3964477, -6.095605, 149324258714423, -1.479144, -0.23464186, 1.720614
561, 149324272796123, 4.3218155, 6.4111185, -6.03767, 149324268714423, -1.3532668, -0.4697707, 1.5475247
562, 149324282796123, 4.331791, 6.4135504, -6.0280685, 149324278714423, -1.1998549, -0.793756, 1.4262248
563, 149324292796123, 4.354007, 6.4188676, -6.0063806, 149324288714423, -1.0263073, -1.2247415, 1.3567784
564, 149324302796123, 4.3500795, 6.4158163, -6.012516, 149324298714423, -0.8057043, -1.7154971, 1.3098282
565, 149324312796123, 4.313082, 6.399789, -6.056036, 149324308714423, -0.47268987, -2.1627326, 1.2102852
566, 149324322796123, 4.2363787, 6.36433, -6.146652, 149324318714423, 0.025413923, -2.5104227, 0.994914
567, 149324332796123, 4.124518, 6.3064213, -6.2806273, 149324328714423, 0.5644637, -2.678084, 0.7676306
568, 149324342796123, 3.9932687, 6.22808, -6.441276, 149324338714423, 0.94155324, -2.7148232, 0.5954675
569, 149324352796123, 3.8421688, 6.1360483, -6.6187763, 149324348714423, 1.0507345, -2.6629138, 0.4735416
570, 149324362796123, 3.6817877, 6.0446215, -6.791749, 149324358714423, 0.87875783, -2.4638782, 0.43293443
571, 149324372796123, 3.5350676, 5.9740047, -6.93101, 149324368714423, 0.4627961, -2.1345735, 0.47720197
572, 149324382796123, 3.4223247, 5.9374557, -7.018814, 149324378714423, 0.39379615, -2.0799482, 0.4845451
573, 149324392796123, 3.359733, 5.9311285, -7.054621, 149324388714423, -0.041615024, -1.6484782, 0.58724874
574, 149324402796123, 3.3534338, 5.9413586, -7.0491676, 149324398714423, -0.40296075, -1.0585726, 0.7192709
575, 149324412796123, 3.406448, 5.9551587, -7.011949, 149324408714423, -0.5936281, 0.18561882, 0.9498296
576, 149324422796123, 3.5318165, 5.9629574, -6.9427295, 149324418714423, -0.62523377, 0.3918597, 0.9880477
577, 149324432796123, 3.706927, 5.962747, -6.850704, 149324428714423, -0.59291613, 1.100657, 1.0652901
578, 149324442796123, 3.9051747, 5.9514856, -6.7493787, 149324438714423, -0.3024298, 2.273076, 0.9891238
579, 149324452796123, 3.9380143, 5.9496207, -6.732594, 149324448714423, -0.2543136, 2.467276, 0.97650766
580, 149324462796123, 4.1625724, 5.919151, -6.622673, 149324458714423, 0.091827706, 2.9155319, 0.82634544
581, 149324472796123, 4.43758, 5.8593206, -6.4954667, 149324468714423, 0.59810895, 3.2520964, 0.60625136
582, 149324482796123, 4.7072525, 5.7937036, -6.363061, 149324478714423, 0.3231489, 3.0825047, 0.7277768
583, 149324492796123, 4.967952, 5.7304173, -6.220569, 149324488714423, 0.49687812, 3.3294623, 0.60625523
584, 149324502796123, 5.212357, 5.667715, -6.0764914, 149324498714423, 0.6842624, 3.6350274, 0.41239887
585, 149324512796123, 5.4696, 5.6032944, -5.90757, 149324508714423, 0.8493165, 3.9860926, 0.15430282
586, 149324522796123, 5.7154393, 5.548504, -5.7237177, 149324518714423, 0.9918534, 4.309691, -0.13801903
587, 149324532796123, 5.9764886, 5.501778, -5.4972897, 149324528714423, 1.0154403, 4.36324, -0.18639243
588, 149324542796123, 6.1989226, 5.4731646, -5.275394, 149324538714423, 1.1897329, 4.542496, -0.5216208
589, 149324552796123, 6.401531, 5.452067, -5.050675, 149324548714423, 1.4297916, 4.546568, -0.91314393
590, 149324562796123, 6.5899887, 5.4273405, -4.830313, 149324558714423, 1.1926802, 4.344584, -0.46181685
591, 149324572796123, 6.7849555, 5.39009, -4.5962343, 149324568714423, 1.1534256, 4.311145, -0.38709792
592, 149324582796123, 6.817285, 5.383913, -4.55742, 149324578714423, 1.093114, 3.9415874, -0.13603297
593, 149324592796123, 7.147644, 5.3293695, -4.083841, 149324588714423, 1.1144009, 4.257758, -0.27368376
594, 149324602796123, 7.202337, 5.3203397, -4.005437, 149324598714423, 1.1236602, 4.682896, -0.33359507
595, 149324612796123, 7.3691955, 5.299901, -3.7172482, 149324608714423, 1.1031933, 5.049401, -0.24874124
596, 149324622796123, 7.5568404, 5.272463, -3.360817, 149324618714423, 1.0239655, 5.3663754, -0.07903733
597, 149324632796123, 7.7338996, 5.2395225, -2.988377, 149324628714423, 0.9161621, 5.616872, 0.13686693
598, 149324642796123, 7.9159327, 5.1919594, -2.5627983, 149324638714423, 0.75273573, 5.822292, 0.4097554
599, 149324652796123, 8.077392, 5.135563, -2.1372664, 149324648714423, 0.51668155, 5.9741406, 0.65833485
600, 149324662796123, 8.231546, 5.064671, -1.6638714, 149324658714423, 0.19311887, 6.1034503, 0.89792836
601, 149324672796123, 8.369299, 4.9798665, -1.1509122, 149324668714423, -0.19840796, 6.2174582, 1.1173711
602, 149324682796123, 8.494911, 4.8681054, -0.5302429, 149324678714423, -0.69710386, 6.2660832, 1.2626226
603, 149324692796123, 8.582065, 4.7360077, 0.18261518, 149324688714423, -0.7798304, 6.2741494, 1.2867177
604, 149324702796123, 8.609117, 4.62219, 0.8086123, 149324698714423, -1.2929126, 6.184451, 1.2354401
605, 149324712796123, 8.587105, 4.5159345, 1.4183369, 149324708714423, -1.7939972, 6.0329895, 1.0693899
606, 149324722796123, 8.51403, 4.4110565, 2.04761, 149324718714423, -2.188496, 5.7787976, 0.81016976
607, 149324732796123, 8.412679, 4.3241763, 2.5859394, 149324728714423, -2.2962272, 5.329284, 0.51458514
608, 149324742796123, 8.294503, 4.255417, 3.0447168, 149324738714423, -2.066435, 4.7916393, 0.28803968
609, 149324752796123, 8.274911, 4.244017, 3.1207774, 149324748714423, -1.571428, 4.2155333, 0.12604526
610, 149324762796123, 8.138226, 4.2027874, 3.5080118, 149324758714423, -0.6723144, 3.4789174, 0.015670484
611, 149324772796123, 8.020483, 4.1956983, 3.7789886, 149324768714423, 0.23394004, 2.864426, -0.011373092
612, 149324782796123, 7.919658, 4.2236576, 3.9576778, 149324778714423, 1.1321584, 2.3637908, -0.0065783355
613, 149324792796123, 7.833838, 4.2844424, 4.062529, 149324788714423, 1.9336021, 2.0520968, -0.0057828426
614, 149324802796123, 7.7484035, 4.352826, 4.152872, 149324798714423, 1.4523624, 2.1114564, 0.06609447
615, 149324812796123, 7.6654353, 4.3884625, 4.267705, 149324808714423, 0.8252007, 2.1351619, 0.26756585
616, 149324822796123, 7.5944166, 4.3810577, 4.4002066, 149324818714423, 0.2781577, 2.080788, 0.5674946
617, 149324832796123, 7.5340376, 4.3185344, 4.5625787, 149324828714423, -0.1917702, 1.9438324, 0.9975635
618, 149324842796123, 7.4985304, 4.1945567, 4.733261, 149324838714423, -0.53708625, 1.7386702, 1.5263537
619, 149324852796123, 7.4653225, 4.064277, 4.8965616, 149324848714423, -0.38774067, 1.8052893, 1.1345675
620, 149324862796123, 7.4053793, 3.9823508, 5.052599, 149324858714423, -0.15465601, 1.8726292, 0.58374554
621, 149324872796123, 7.314811, 3.9566255, 5.202611, 149324868714423, 0.08529388, 2.0323665, 0.039358426
622, 149324882796123, 7.1974845, 3.9805875, 5.3459687, 149324878714423, 0.30891806, 2.2686512, -0.4508046
623, 149324892796123, 7.0506268, 4.017248, 5.5113587, 149324888714423, 0.15753931, 2.1274037, -0.13159359
624, 149324902796123, 6.9391046, 4.021507, 5.648372, 149324898714423, 0.018501135, 2.0884833, 0.16224156
625, 149324912796123, 6.820819, 3.9946437, 5.8091326, 149324908714423, -0.004542563, 2.0820327, 0.21094076
626, 149324922796123, 6.708826, 3.9646826, 5.958229, 149324918714423, -0.119551495, 2.1852639, 0.4575587
627, 149324932796123, 6.5989113, 3.9594896, 6.0832605, 149324928714423, -0.027325457, 2.021638, 0.27335215
628, 149324942796123, 6.482985, 3.9934912, 6.1848826, 149324938714423, 0.13905728, 1.759478, -0.03549348
629, 149324952796123, 6.3668, 4.0775414, 6.2504225, 149324948714423, 0.37370026, 1.408399, -0.44417378
630, 149324962796123, 6.2568636, 4.198272, 6.281392, 149324958714423, 0.65990007, 1.0889539, -0.88776183
631, 149324972796123, 6.138046, 4.3567657, 6.2904806, 149324968714423, 0.9537023, 0.931967, -1.2791686
632, 149324982796123, 5.9890213, 4.568981, 6.2830877, 149324978714423, 1.2642527, 0.9075958, -1.6437579
633, 149324992796123, 5.9643726, 4.6040826, 6.281865, 149324988714423, 1.5988432, 0.9971092, -1.9907558
634, 149325002796123, 5.648363, 5.036135, 6.237903, 149324998714423, 1.9326624, 1.1946242, -2.2834582
635, 149325012796123, 5.595953, 5.107791, 6.230612, 149325008714423, 1.7863475, 1.0935922, -2.124072
636, 149325022796123, 5.435851, 5.310112, 6.2028394, 149325018714423, 1.6208433, 1.0693172, -1.8147566
637, 149325032796123, 5.2784524, 5.4951124, 6.1776543, 149325028714423, 1.528686, 1.1753142, -1.4645783
638, 149325042796123, 5.1222267, 5.6615515, 6.1589713, 149325038714423, 1.4873459, 1.379309, -1.0417147
639, 149325052796123, 4.990505, 5.7886276, 6.1493015, 149325048714423, 1.4717238, 1.5751541, -0.5933156
640, 149325062796123, 4.8598413, 5.90272, 6.1456323, 149325058714423, 1.4586054, 1.7580518, 0.012133442
641, 149325072796123, 4.7571955, 5.9839745, 6.147585, 149325068714423, 1.4469439, 1.9029393, 0.7184291
642, 149325082796123, 4.6979723, 6.024696, 6.153575, 149325078714423, 1.4167535, 1.9699287, 1.4221781
643, 149325092796123, 4.643916, 6.0604806, 6.159532, 149325088714423, 1.3996463, 1.8882211, 1.0242491
644, 149325102796123, 4.5947223, 6.09426, 6.163105, 149325098714423, 1.3977517, 1.9455955, 1.2772163
645, 149325112796123, 4.5647397, 6.1110325, 6.1688175, 149325108714423, 1.2924412, 1.8898376, 1.6442621
646, 149325122796123, 4.565484, 6.100855, 6.178328, 149325118714423, 1.0775235, 1.6987872, 2.0266237
647, 149325132796123, 4.599695, 6.06009, 6.193015, 149325128714423, 0.76601636, 1.4417034, 2.336131
648, 149325142796123, 4.6715956, 5.9767847, 6.2199397, 149325138714423, 0.7143921, 1.3990984, 2.387424
649, 149325152796123, 4.764417, 5.8669105, 6.253897, 149325148714423, -0.053417817, 0.7574836, 2.6451223
650, 149325162796123, 4.8733845, 5.732645, 6.2941504, 149325158714423, -0.18082033, 0.65102065, 2.6878822
651, 149325172796123, 4.955057, 5.6343937, 6.3192334, 149325168714423, 0.31168282, 1.0140549, 2.6531558
652, 149325182796123, 5.0160027, 5.578666, 6.320755, 149325178714423, 0.94628257, 1.3367027, 2.6334245
653, 149325192796123, 5.069335, 5.531138, 6.3200502, 149325188714423, 1.5024499, 1.4385322, 2.644334
654, 149325202796123, 5.1191573, 5.4532866, 6.3474493, 149325198714423, 1.1996872, 1.5052391, 2.608603
655, 149325212796123, 5.163929, 5.3440733, 6.4036884, 149325208714423, 0.652979, 1.4898173, 2.5544043
656, 149325222796123, 5.2037473, 5.2305307, 6.464882, 149325218714423, 0.04171028, 1.4049675, 2.4984765
657, 149325232796123, 5.2341595, 5.1551433, 6.500928, 149325228714423, 0.4908596, 1.4748596, 2.5054827
658, 149325242796123, 5.257951, 5.1226015, 6.507576, 149325238714423, 1.0971606, 1.521895, 2.4591002
659, 149325252796123, 5.275971, 5.1443424, 6.4757466, 149325248714423, 1.742583, 1.5062323, 2.314447
660, 149325262796123, 5.286894, 5.2159667, 6.409125, 149325258714423, 2.4042168, 1.4011257, 2.03375
661, 149325272796123, 5.2919617, 5.349069, 6.293843, 149325268714423, 2.9785566, 1.2367977, 1.686431
662, 149325282796123, 5.2928023, 5.3711486, 6.2747188, 149325278714423, 3.5102482, 1.0271903, 1.2196012
663, 149325292796123, 5.2833195, 5.7192097, 5.964033, 149325288714423, 3.8849707, 0.7669276, 0.74905616
664, 149325302796123, 5.282369, 5.9783406, 5.706023, 149325298714423, 4.110325, 0.35324088, 0.29866308
665, 149325312796123, 5.293207, 6.2409096, 5.4066677, 149325308714423, 4.1848106, -0.17140538, -0.079845145
666, 149325322796123, 5.310961, 6.498528, 5.075192, 149325318714423, 4.1228085, -0.8065454, -0.43739828
667, 149325332796123, 5.3139005, 6.541187, 5.0203023, 149325328714423, 4.007535, -1.3235066, -0.79483604
668, 149325342796123, 5.317569, 6.7699685, 4.700531, 149325338714423, 3.9034524, -1.5726876, -1.186894
669, 149325352796123, 5.2941446, 7.032591, 4.3247714, 149325348714423, 3.767375, -1.7127162, -1.53223
670, 149325362796123, 5.252506, 7.266061, 3.9759717, 149325358714423, 3.5823753, -1.8992045, -1.7291352
671, 149325372796123, 5.195048, 7.4996605, 3.5993884, 149325368714423, 3.3368342, -2.1870105, -1.8228598
672, 149325382796123, 5.138483, 7.6964827, 3.2490013, 149325378714423, 3.0953975, -2.527313, -1.8290241
673, 149325392796123, 5.077133, 7.8916435, 2.8521285, 149325388714423, 2.8441465, -2.9625635, -1.7720622
674, 149325402796123, 5.0170074, 8.069568, 2.4284747, 149325398714423, 2.6328814, -3.4376607, -1.6765007
675, 149325412796123, 4.9645505, 8.211552, 2.0286078, 149325408714423, 2.4851367, -3.8784516, -1.5672334
676, 149325422796123, 4.907501, 8.340734, 1.5924544, 149325418714423, 2.3863614, -4.1933527, -1.4801626
677, 149325432796123, 4.8386755, 8.450911, 1.1653762, 149325428714423, 2.3495648, -4.228824, -1.4747092
678, 149325442796123, 4.7470956, 8.551415, 0.7241351, 149325438714423, 2.3261564, -4.237729, -1.4417967
679, 149325452796123, 4.6464796, 8.631006, 0.33148855, 149325448714423, 2.2829473, -4.0594854, -1.435708
680, 149325462796123, 4.528101, 8.699892, -0.05913481, 149325458714423, 2.2899787, -4.1585703, -1.40842
681, 149325472796123, 4.3827815, 8.760749, -0.47940403, 149325468714423, 2.2911434, -4.174986, -1.4038991
682, 149325482796123, 4.2471457, 8.801786, -0.83062285, 149325478714423, 2.2303443, -4.0425873, -1.350185
683, 149325492796123, 4.117227, 8.827253, -1.1548018, 149325488714423, 2.0955257, -3.7508214, -1.2134136
684, 149325502796123, 4.010107, 8.83305, -1.4518001, 149325498714423, 1.8643434, -3.332024, -0.9110058
685, 149325512796123, 3.9573293, 8.815203, -1.6887765, 149325508714423, 1.5337619, -2.7840145, -0.4188944
686, 149325522796123, 3.9739459, 8.774278, -1.8566713, 149325518714423, 1.1431732, -2.1610582, 0.21470416
687, 149325532796123, 4.0636177, 8.708096, -1.9712167, 149325528714423, 0.7438726, -1.6117007, 0.89460087
688, 149325542796123, 4.078486, 8.697123, -1.9902096, 149325538714423, 0.35967934, -1.2562178, 1.5881536
689, 149325552796123, 4.381935, 8.528553, -2.0672154, 149325548714423, 0.009388428, -1.1043813, 2.2582693
690, 149325562796123, 4.4321704, 8.500647, -2.0799637, 149325558714423, -0.25800133, -1.0358629, 2.6538982
691, 149325572796123, 4.6258307, 8.393179, -2.093196, 149325568714423, -0.39541677, -0.99083215, 2.7378094
692, 149325582796123, 4.8138833, 8.283404, -2.1063344, 149325578714423, -0.3543037, -1.0102602, 2.6305811
693, 149325592796123, 4.996396, 8.166897, -2.1360295, 149325588714423, -0.14996043, -1.0979571, 2.3587413
694, 149325602796123, 5.1580267, 8.050283, -2.1939619, 149325598714423, 0.007866539, -1.1647236, 2.004554
695, 149325612796123, 5.316615, 7.926436, -2.265099, 149325608714423, 0.09513679, -1.1089681, 2.2163594
696, 149325622796123, 5.467531, 7.802865, -2.3339047, 149325618714423, -0.0042673405, -1.1026328, 2.062327
697, 149325632796123, 5.598221, 7.6942124, -2.3847904, 149325628714423, -0.14763245, -0.90179074, 1.9405726
698, 149325642796123, 5.724774, 7.5932684, -2.4080436, 149325638714423, -0.30745548, -0.51505977, 1.891406
699, 149325652796123, 5.8732505, 7.4853077, -2.3881547, 149325648714423, -0.5389362, 0.04477264, 1.87949
700, 149325662796123, 6.027666, 7.3850856, -2.314048, 149325658714423, -0.8432807, 0.6284132, 1.8759528
701, 149325672796123, 6.3239393, 7.2171774, -2.0286806, 149325668714423, -1.069709, 1.1380067, 1.8351221
702, 149325682796123, 6.373067, 7.189335, -1.9813616, 149325678714423, -1.1207256, 1.6745147, 1.6856182
703, 149325692796123, 6.501625, 7.1194434, -1.8074768, 149325688714423, -0.9851724, 2.1008294, 1.4745462
704, 149325702796123, 6.639914, 7.04368, -1.5867629, 149325698714423, -0.6634685, 2.4985428, 1.1821424
705, 149325712796123, 6.752636, 6.982239, -1.3678694, 149325708714423, -0.28118244, 2.7891772, 0.7815705
706, 149325722796123, 6.831409, 6.9466662, -1.139001, 149325718714423, -0.21771717, 2.837427, 0.71506953
707, 149325732796123, 6.854871, 6.9517965, -0.95394546, 149325728714423, 0.31766054, 3.0374043, -0.3565287
708, 149325742796123, 6.825759, 7.0020924, -0.77932024, 149325738714423, 0.66839826, 3.014545, -1.106317
709, 149325752796123, 6.745806, 7.093321, -0.63756365, 149325748714423, 0.7265802, 3.0107527, -1.2306952
710, 149325762796123, 6.6184316, 7.2209835, -0.5287201, 149325758714423, 1.0230981, 2.9198146, -1.7513287
711, 149325772796123, 6.4072847, 7.4142056, -0.43915796, 149325768714423, 1.3455106, 2.877846, -2.287711
712, 149325782796123, 6.372248, 7.4462676, -0.42429668, 149325778714423, 1.7169697, 2.9194689, -2.8725214
713, 149325792796123, 6.3664484, 7.4515753, -0.42183658, 149325788714423, 1.7786281, 2.9263778, -2.9695938
714, 149325802796123, 5.71811, 7.9535685, -0.38212192, 149325798714423, 1.7888438, 2.9275222, -2.985677
715, 149325812796123, 5.610576, 8.036829, -0.3755348, 149325808714423, 2.2101657, 2.9563825, -3.5102463
716, 149325822796123, 5.5927386, 8.05064, -0.37444213, 149325818714423, 2.2800987, 2.9611728, -3.5973172
717, 149325832796123, 4.8780413, 8.488825, -0.48793718, 149325828714423, 2.0579927, 2.4146287, -3.4927177
718, 149325842796123, 4.4806476, 8.704659, -0.56860805, 149325838714423, 1.8144233, 1.9072376, -3.5319672
719, 149325852796123, 4.4149, 8.740369, -0.58195484, 149325848714423, 1.4780309, 1.44449, -3.6211672
720, 149325862796123, 4.4040117, 8.746283, -0.58416516, 149325858714423, 1.4223222, 1.3678559, -3.6359391
721, 149325872796123, 3.8375382, 9.000428, -0.6509388, 149325868714423, 0.63731015, 1.167177, -3.7610986
722, 149325882796123, 3.4447618, 9.160015, -0.644273, 149325878714423, 0.07124093, 1.1214684, -3.859645
723, 149325892796123, 3.379735, 9.186437, -0.6431694, 149325888714423, -0.022709299, 1.1138822, -3.8760006
724, 149325902796123, 2.6928983, 9.413436, -0.51242393, 149325898714423, -0.03827827, 1.1126251, -3.878711
725, 149325912796123, 2.2540705, 9.535313, -0.41446266, 149325908714423, -0.8072565, 0.3469594, -4.2252946
726, 149325922796123, 2.181435, 9.555486, -0.39824793, 149325918714423, -0.93489736, 0.21986845, -4.2828236
727, 149325932796123, 2.169401, 9.558828, -0.39556152, 149325928714423, -0.9560448, 0.1988121, -4.2923546
728, 149325942796123, 0.98504364, 9.744014, -0.14751929, 149325938714423, -0.9545479, -0.7082546, -4.6289053
729, 149325952796123, 0.78848886, 9.774747, -0.10635445, 149325948714423, -0.9542994, -0.8588554, -4.6847835
730, 149325962796123, 0.755941, 9.779836, -0.099537894, 149325958714423, -0.9542582, -0.88379407, -4.6940365
731, 149325972796123, -0.37468255, 9.788437, 0.12681872, 149325968714423, -0.95425135, -0.88792765, -4.69557
732, 149325982796123, -0.56234115, 9.789865, 0.16438892, 149325978714423, -0.681729, -0.19719763, -3.6647477
733, 149325992796123, -0.5934071, 9.790101, 0.17060849, 149325988714423, -0.63648754, -0.082529396, -3.4936206
734, 149326002796123, -1.4210843, 9.694047, 0.31420088, 149325998714423, -0.62899095, -0.06352879, -3.4652646
735, 149326012796123, -1.7936437, 9.633715, 0.3966419, 149326008714423, -0.6721594, -0.096136056, -3.1333103
736, 149326022796123, -1.8554666, 9.623703, 0.4103223, 149326018714423, -0.7070668, -0.042523503, -2.7294621
737, 149326032796123, -1.8657091, 9.622044, 0.41258878, 149326028714423, -0.7128501, -0.033641167, -2.662554
738, 149326042796123, -2.2199628, 9.539228, 0.5307502, 149326038714423, -0.7032793, 0.24014813, -1.5833569
739, 149326052796123, -2.3759856, 9.498118, 0.60436904, 149326048714423, -0.6706113, 0.42639518, -0.9008822
740, 149326062796123, -2.4018266, 9.491309, 0.61656207, 149326058714423, -0.6652005, 0.45724338, -0.78784347
741, 149326072796123, -2.500445, 9.460443, 0.6931354, 149326068714423, -0.55973625, 0.6290604, -0.5157654
742, 149326082796123, -2.5531032, 9.443214, 0.7362631, 149326078714423, -0.5431714, 0.62442285, -0.3536377
743, 149326092796123, -2.561822, 9.440361, 0.7434039, 149326088714423, -0.5404214, 0.623653, -0.32672283
744, 149326102796123, -2.5693436, 9.435648, 0.77641916, 149326098714423, -0.5399657, 0.62352544, -0.3222623
745, 149326112796123, -2.513344, 9.45212, 0.7589272, 149326108714423, -0.1663373, 0.695233, 0.3223689
746, 149326122796123, -2.5040739, 9.454847, 0.75603163, 149326118714423, 0.15263785, 0.7101599, 0.8791495
747, 149326132796123, -2.502538, 9.455299, 0.7555518, 149326128714423, 0.20548967, 0.71263313, 0.9714039
748, 149326142796123, -2.0623543, 9.572203, 0.55328554, 149326138714423, 0.6971507, 0.6260972, 1.855958
749, 149326152796123, -1.9893005, 9.591604, 0.519717, 149326148714423, 1.0180345, 0.49784178, 2.5138643
750, 149326162796123, -1.9772005, 9.594817, 0.514157, 149326158714423, 1.0711854, 0.4765977, 2.6228392
751, 149326172796123, -1.1552563, 9.73201, 0.16332182, 149326168714423, 1.445097, 0.23057917, 3.4711905
752, 149326182796123, -1.0188332, 9.754782, 0.10509156, 149326178714423, 1.5889903, 0.16149728, 3.8665698
753, 149326192796123, -0.9962425, 9.758552, 0.09544909, 149326188714423, 1.6128782, 0.15002894, 3.932207
754, 149326202796123, 0.10728374, 9.793336, -0.22667105, 149326198714423, 1.6168375, 0.14812814, 3.9430861
755, 149326212796123, 0.29034492, 9.799107, -0.28010675, 149326208714423, 0.774912, 0.27114546, 4.422792
756, 149326222796123, 0.6912587, 9.77852, -0.31349444, 149326218714423, 0.15095025, 0.40440333, 4.4055505
757, 149326232796123, 0.75768626, 9.775108, -0.31902647, 149326228714423, 0.04755958, 0.4264842, 4.4026933
758, 149326242796123, 1.5045415, 9.68448, -0.26217747, 149326238714423, -0.030886747, 0.4508921, 4.380744
759, 149326252796123, 2.012541, 9.5941925, -0.25527647, 149326248714423, 0.19585451, 0.4274121, 4.402129
760, 149326262796123, 2.096681, 9.579238, -0.25413346, 149326258714423, 0.23341003, 0.42352304, 4.405671
761, 149326272796123, 2.859267, 9.37376, -0.25914174, 149326268714423, 0.23963608, 0.42287832, 4.4062586
762, 149326282796123, 3.3165572, 9.225025, -0.26245594, 149326278714423, -0.055822335, -0.29677358, 4.0036316
763, 149326292796123, 3.3922865, 9.200395, -0.2630048, 149326288714423, -0.104876846, -0.41625628, 3.9367843
764, 149326302796123, 3.9382, 8.976849, -0.26831922, 149326298714423, -0.113007516, -0.43606028, 3.9257045
765, 149326312796123, 4.0287995, 8.939749, -0.26920122, 149326308714423, -0.38802117, -0.83894867, 2.5712852
766, 149326322796123, 4.043802, 8.933606, -0.26934725, 149326318714423, -0.43367857, -0.9058356, 2.3464262
767, 149326332796123, 4.2689576, 8.827549, -0.27125916, 149326328714423, -0.44124505, -0.91692024, 2.309162
768, 149326342796123, 4.789443, 8.5502615, -0.3436946, 149326338714423, -0.37067157, -1.3370123, 2.0187933
769, 149326352796123, 4.875827, 8.504241, -0.3557165, 149326348714423, -0.31827962, -1.8097442, 1.4919935
770, 149326362796123, 4.8901367, 8.496618, -0.357708, 149326358714423, -0.30960044, -1.8880563, 1.4047246
771, 149326372796123, 4.9676523, 8.432545, -0.6564127, 149326368714423, -0.1625215, -2.7233799, 0.43447334
772, 149326382796123, 4.9805183, 8.421909, -0.705992, 149326378714423, -0.056898855, -3.2336771, -0.25928465
773, 149326392796123, 4.98265, 8.420148, -0.7142037, 149326388714423, -0.039360903, -3.3184087, -0.3744787
774, 149326402796123, 4.5812125, 8.584006, -1.2149457, 149326398714423, -0.0364535, -3.3324552, -0.39357525
775, 149326412796123, 4.5146146, 8.611191, -1.2980183, 149326408714423, 0.17617923, -4.210492, -2.0260792
776, 149326422796123, 4.5035605, 8.615703, -1.3118067, 149326418714423, 0.21148513, -4.356283, -2.2971427
777, 149326432796123, 4.5017285, 8.61645, -1.3140917, 149326428714423, 0.21733624, -4.3804445, -2.342065
778, 149326442796123, 3.5249636, 8.95306, -1.8401303, 149326438714423, 0.20882007, -3.9981022, -3.875632
779, 149326452796123, 2.8917449, 9.139467, -2.0504022, 149326448714423, 0.11553071, -3.4001505, -4.5707912
780, 149326462796123, 2.7868285, 9.170353, -2.0852413, 149326458714423, 0.10007361, -3.301076, -4.6859717
781, 149326472796123, 1.8133856, 9.378925, -2.1863315, 149326468714423, -0.16499959, -1.9664665, -5.239476
782, 149326482796123, 1.2063544, 9.479372, -2.19398, 149326478714423, -0.36234754, -1.076606, -5.477085
783, 149326492796123, 1.1058017, 9.496011, -2.195247, 149326488714423, -0.39511198, -0.92886806, -5.5165334
784, 149326502796123, 0.139927, 9.573061, -2.0929809, 149326498714423, -0.40054402, -0.90437424, -5.5230737
785, 149326512796123, -0.44084087, 9.58784, -2.0035813, 149326508714423, -0.98805314, 1.2200059, -5.7053437
786, 149326522796123, -0.537028, 9.590288, -1.9887749, 149326518714423, -1.0856107, 1.5727654, -5.73561
787, 149326532796123, -1.4338849, 9.5264635, -1.8044131, 149326528714423, -1.1017826, 1.631241, -5.7406273
788, 149326542796123, -1.9867839, 9.452678, -1.6859825, 149326538714423, -1.559202, 2.9595947, -5.6768255
789, 149326552796123, -2.078556, 9.440431, -1.6663249, 149326548714423, -1.8550901, 3.7415264, -5.5852036
790, 149326562796123, -2.0937638, 9.4384, -1.6630672, 149326558714423, -1.9041233, 3.8711045, -5.57002
791, 149326572796123, -3.1796873, 9.150476, -1.4610459, 149326568714423, -2.301527, 4.773409, -5.317092
792, 149326582796123, -3.359947, 9.102682, -1.427511, 149326578714423, -2.5390873, 5.259075, -5.0899615
793, 149326592796123, -3.3898056, 9.094766, -1.4219563, 149326588714423, -2.5785341, 5.33972, -5.052247
794, 149326602796123, -4.27398, 8.713818, -1.3608396, 149326598714423, -2.585074, 5.35309, -5.0459948
795, 149326612796123, -4.659582, 8.520314, -1.3640667, 149326608714423, -2.847512, 5.701207, -4.3038487
796, 149326622796123, -4.7234488, 8.488266, -1.3646013, 149326618714423, -2.8772204, 5.6492105, -3.8697753
797, 149326632796123, -4.7340355, 8.482952, -1.3646898, 149326628714423, -2.882145, 5.6405907, -3.7978172
798, 149326642796123, -5.0979223, 8.257449, -1.4226763, 149326638714423, -2.701987, 5.141895, -3.1485016
799, 149326652796123, -5.293227, 8.126626, -1.4691826, 149326648714423, -2.5167954, 4.703587, -2.72095
800, 149326662796123, -5.325594, 8.104945, -1.4768898, 149326658714423, -2.4861042, 4.630948, -2.6500933
801, 149326672796123, -5.5340185, 7.9483266, -1.5555587, 149326668714423, -2.0531735, 3.7302759, -1.9932438
802, 149326682796123, -5.6384273, 7.8656054, -1.6031474, 149326678714423, -1.7281923, 3.0886083, -1.578655
803, 149326692796123, -5.655725, 7.8519006, -1.6110317, 149326688714423, -1.6742294, 2.9820595, -1.5098126
804, 149326702796123, -5.7488356, 7.772393, -1.6652945, 149326698714423, -1.665281, 2.9643915, -1.4983971
805, 149326712796123, -5.788529, 7.7375436, -1.6906245, 149326708714423, -0.8766054, 1.5215604, -0.7213006
806, 149326722796123, -5.7951035, 7.7317715, -1.6948199, 149326718714423, -0.74565285, 1.2819912, -0.5922707
807, 149326732796123, -5.8119407, 7.7165155, -1.7067373, 149326728714423, -0.7239443, 1.2422768, -0.57088083
808, 149326742796123, -5.8254395, 7.7041063, -1.7167306, 149326738714423, -0.18064521, 0.30714133, -0.13772157
809, 149326752796123, -5.82768, 7.7020464, -1.7183895, 149326748714423, -0.090426154, 0.1518548, -0.065792084
810, 149326762796123, -5.8280516, 7.7017055, -1.7186644, 149326758714423, -0.075473964, 0.12611884, -0.053871073
811, 149326772796123, -5.828734, 7.7010546, -1.7192013, 149326768714423, -0.012530653, 0.020939026, -0.008944008
812, 149326782796123, -5.828847, 7.700946, -1.7192905, 149326778714423, -0.0020801334, 0.0034759536, -0.0014847375
813, 149326792796123, -5.828866, 7.7009277, -1.7193052, 149326788714423, -3.4498842E-4, 5.764841E-4, -2.462425E-4
814, 149326802796123, -5.828869, 7.700925, -1.7193077, 149326798714423, -5.726492E-5, 9.569108E-5, -4.0874E-5
815, 149326812796123, -5.828869, 7.7009244, -1.719308, 149326808714423, -9.50753E-6, 1.5887315E-5, -6.786193E-6
816, 149326822796123, -5.8288693, 7.700924, -1.7193081, 149326818714423, -1.5765257E-6, 2.634413E-6, -1.1252773E-6
817, 149326832796123, -5.8288693, 7.700924, -1.7193081, 149326828714423, -2.6163863E-7, 4.3720456E-7, -1.867499E-7
818, 149326842796123, -5.8288693, 7.7009244, -1.7193081, 149326838714423, -4.3438078E-8, 7.258609E-8, -3.1004813E-8
819, 149326852796123, -5.8288693, 7.700924, -1.7193081, 149326848714423, -7.200414E-9, 1.2032068E-8, -5.139442E-9
820, 149326862796123, -5.8288693, 7.7009244, -1.7193081, 149326858714423, -1.1945666E-9, 1.99615E-9, -8.5264623E-10
821, 149326872796123, -5.8288693, 7.7009244, -1.7193081, 149326868714423, -1.9832509E-10, 3.314061E-10, -1.4155858E-10
822, 149326882796123, -5.8288693, 7.7009244, -1.7193081, 149326878714423, -3.2927182E-11, 5.5022126E-11, -2.3502447E-11
823, 149326892796123, -5.82887, 7.7009244, -1.7193083, 149326888714423, -5.4616194E-12, 9.126499E-12, -3.898342E-12
824, 149326902796123, -5.8288693, 7.700924, -1.7193081, 149326898714423, -9.066557E-13, 1.5150438E-12, -6.47144E-13
825, 149326912796123, -5.8288693, 7.7009244, -1.7193081, 149326908714423, -1.505326E-13, 2.5154363E-13, -1.0744571E-13
826, 149326922796123, -5.8288693, 7.7009244, -1.7193081, 149326918714423, -2.4959935E-14, 4.170866E-14, -1.7815663E-14
827, 149326932796123, -5.8288693, 7.700925, -1.7193083, 149326928714423, -4.142105E-15, 6.9215585E-15, -2.956512E-15
828, 149326942796123, -5.828869, 7.700925, -1.7193081, 149326938714423, -6.8770457E-16, 1.1491711E-15, -4.9086316E-16
829, 149326952796123, -5.8288693, 7.700925, -1.7193083, 149326948714423, -1.1399232E-16, 1.9048395E-16, -8.1364344E-17
830, 149326962796123, -5.8288693, 7.7009244, -1.7193081, 149326958714423, -1.891102E-17, 3.1600778E-17, -1.3498127E-17
831, 149326972796123, -5.8288693, 7.7009244, -1.7193081, 149326968714423, -3.1397067E-18, 5.246527E-18, -2.24103E-18
832, 149326982796123, -5.8288693, 7.7009244, -1.7193081, 149326978714423, -5.2131073E-19, 8.71123E-19, -3.720962E-19
833, 149326992796123, -5.8288693, 7.700925, -1.7193081, 149326988714423, -8.646732E-20, 1.4448901E-19, -6.1717826E-20
834, 149327002796123, -5.8288693, 7.700925, -1.7193081, 149326998714423, -1.4353923E-20, 2.3985756E-20, -1.0245407E-20
835, 149327012796123, -5.8288693, 7.7009244, -1.7193081, 149327008714423, -2.3833977E-21, 3.982716E-21, -1.7011991E-21
836, 149327022796123, -5.8288693, 7.700925, -1.7193081, 149327018714423, -3.9521462E-22, 6.604133E-22, -2.8209257E-22
837, 149327032796123, -5.8288693, 7.7009244, -1.7193081, 149327028714423, -6.5588906E-23, 1.0960066E-22, -4.681543E-23
838, 149327042796123, -5.8288693, 7.7009244, -1.7193081, 149327038714423, -1.08905806E-23, 1.8198426E-23, -7.7733754E-24
839, 149327052796123, -5.8288693, 7.7009244, -1.7193081, 149327048714423, -1.8055803E-24, 3.017169E-24, -1.28877E-24
840, 149327062796123, -5.8288693, 7.7009244, -1.7193081, 149327058714423, -2.9960267E-25, 5.0064338E-25, -2.1384757E-25
841, 149327072796123, -5.8288693, 7.700925, -1.7193081, 149327068714423, -4.9747547E-26, 8.312937E-26, -3.5508333E-26
842, 149327082796123, -5.828869, 7.7009244, -1.7193081, 149327078714423, -8.260487E-27, 1.3803476E-26, -5.896092E-27
843, 149327092796123, -5.8288693, 7.7009244, -1.7193081, 149327088714423, -1.3703281E-27, 2.289852E-27, -9.780999E-28
844, 149327102796123, -5.8288693, 7.7009244, -1.7193081, 149327098714423, -2.275122E-28, 3.8017847E-28, -1.6239151E-28
845, 149327112796123, -5.8288693, 7.7009244, -1.7193081, 149327108714423, -3.7778933E-29, 6.312953E-29, -2.696549E-29
846, 149327122796123, -5.8288693, 7.7009244, -1.7193081, 149327118714423, -6.2659104E-30, 1.04704904E-29, -4.472422E-30
847, 149327132796123, -5.8288693, 7.7009244, -1.7193081, 149327128714423, -1.0401105E-30, 1.7380502E-30, -7.4240015E-31
848, 149327142796123, -5.8288693, 7.7009244, -1.7193081, 149327138714423, -1.7271098E-31, 2.8860427E-31, -1.2327599E-31
849, 149327152796123, -5.8288693, 7.7009244, -1.7193081, 149327148714423, -2.8635084E-32, 4.7849926E-32, -2.0438876E-32
850, 149327162796123, -5.8288693, 7.7009244, -1.7193081, 149327158714423, -4.751441E-33, 7.9397745E-33, -3.3914382E-33
851, 149327172796123, -5.828869, 7.700924, -1.7193081, 149327168714423, -7.88955E-34, 1.3183631E-33, -5.6313274E-34
852, 149327182796123, -5.828869, 7.700924, -1.7193081, 149327178714423, -1.3095659E-34, 2.1883166E-34, -9.347294E-35
853, 149327192796123, -5.8288693, 7.7009244, -1.7193081, 149327188714423, -2.1727323E-35, 3.6306888E-35, -1.550832E-35
854, 149327202796123, -5.8288693, 7.700925, -1.7193081, 149327198714423, -3.607772E-36, 6.028675E-36, -2.5751211E-36
855, 149327212796123, -5.8288693, 7.700925, -1.7193083, 149327208714423, -5.9910747E-37, 1.0011231E-36, -4.2762517E-37
856, 149327222796123, -5.8288693, 7.7009244, -1.7193081, 149327218714423, -9.935878E-38, 1.6603093E-37, -7.091935E-38
857, 149327232796123, -5.8288693, 7.7009244, -1.7193081, 149327228714423, -1.6491694E-38, 2.7558022E-38, -1.1771283E-38
858, 149327242796123, -5.8288693, 7.700925, -1.7193081, 149327238714423, -2.738577E-39, 4.576229E-39, -1.954715E-39
859, 149327252796123, -5.8288693, 7.700925, -1.7193081, 149327248714423, -4.54049E-40, 7.58726E-40, -3.24087E-40
860, 149327262796123, -0.96718526, 9.4600315, -0.2852851, 149327258714423, -7.5341E-41, 1.25897E-40, -5.3776E-41
861, 149327272796123, -0.16055782, 9.751894, -0.04735882, 149327268714423, -1.251E-41, 2.0905E-41, -8.929E-42
862, 149327282796123, -0.026611293, 9.80036, -0.00784938, 149327278714423, -2.077E-42, 3.471E-42, -1.483E-42
863, 149327292796123, -0.004414203, 9.808393, -0.0013020321, 149327288714423, -3.45E-43, 5.76E-43, -2.45E-43
864, 149327302796123, -7.3277287E-4, 9.809724, -2.1614181E-4, 149327298714423, -5.7E-44, 9.5E-44, -4.1E-44
865, 149327312796123, -1.2142898E-4, 9.809945, -3.581721E-5, 149327308714423, -9.8E-45, 1.5E-44, -7.0E-45
866, 149327322796123, -2.013836E-5, 9.809982, -5.9400963E-6, 149327318714423, -1.4E-45, 2.8E-45, -1.4E-45
867, 149327332796123, -3.3425597E-6, 9.809988, -9.859357E-7, 149327328714423, 0.0, 0.0, 0.0
868, 149327342796123, -5.5490005E-7, 9.809989, -1.636757E-7, 149327338714423, 0.0, 0.0, 0.0
869, 149327352796123, -9.2011675E-8, 9.809989, -2.7140157E-8, 149327348714423, 0.0, 0.0, 0.0
870, 149327362796123, -1.5269496E-8, 9.809989, -4.503956E-9, 149327358714423, 0.0, 0.0, 0.0
871, 149327372796123, -2.5347167E-9, 9.809989, -7.476509E-10, 149327368714423, 0.0, 0.0, 0.0
872, 149327382796123, -4.207586E-10, 9.80999, -1.2410876E-10, 149327378714423, 0.0, 0.0, 0.0
873, 149327392796123, -6.981346E-11, 9.80999, -2.0592477E-11, 149327388714423, 0.0, 0.0, 0.0
874, 149327402796123, -1.1589235E-11, 9.809989, -3.4184103E-12, 149327398714423, 0.0, 0.0, 0.0
875, 149327412796123, -1.9206264E-12, 9.809989, -5.665162E-13, 149327408714423, 0.0, 0.0, 0.0
876, 149327422796123, -3.1854993E-13, 9.809989, -9.396085E-14, 149327418714423, 0.0, 0.0, 0.0
877, 149327432796123, -5.2876736E-14, 9.809989, -1.5596748E-14, 149327428714423, 0.0, 0.0, 0.0
878, 149327442796123, -8.777915E-15, 9.809988, -2.5891713E-15, 149327438714423, 0.0, 0.0, 0.0
879, 149327452796123, -1.4557646E-15, 9.809988, -4.2939856E-16, 149327448714423, 0.0, 0.0, 0.0
880, 149327462796123, -2.4162494E-16, 9.809989, -7.127073E-17, 149327458714423, 0.0, 0.0, 0.0
881, 149327472796123, -4.010807E-17, 9.809989, -1.1830448E-17, 149327468714423, 0.0, 0.0, 0.0
882, 149327482796123, -6.6498435E-18, 9.809989, -1.9614663E-18, 149327478714423, 0.0, 0.0, 0.0
883, 149327492796123, -1.1034027E-18, 9.809989, -3.254644E-19, 149327488714423, 0.0, 0.0, 0.0
884, 149327502796123, -1.8318566E-19, 9.809989, -5.4033228E-20, 149327498714423, 0.0, 0.0, 0.0
885, 149327512796123, -3.0365296E-20, 9.809989, -8.956678E-21, 149327508714423, 0.0, 0.0, 0.0
886, 149327522796123, -5.037382E-21, 9.809989, -1.4858478E-21, 149327518714423, 0.0, 0.0, 0.0
887, 149327532796123, -8.3625597E-22, 9.809989, -2.4666565E-22, 149327528714423, 0.0, 0.0, 0.0
888, 149327542796123, -1.3883322E-22, 9.809989, -4.095084E-23, 149327538714423, 0.0, 0.0, 0.0
889, 149327552796123, -2.3023079E-23, 9.809989, -6.790986E-24, 149327548714423, 0.0, 0.0, 0.0
890, 149327562796123, -3.8209653E-24, 9.809989, -1.1270482E-24, 149327558714423, 0.0, 0.0, 0.0
891, 149327572796123, -6.3435185E-25, 9.809989, -1.8711113E-25, 149327568714423, 0.0, 0.0, 0.0
892, 149327582796123, -1.0515961E-25, 9.80999, -3.1018328E-26, 149327578714423, 0.0, 0.0, 0.0
893, 149327592796123, -1.7446705E-26, 9.809989, -5.146155E-27, 149327588714423, 0.0, 0.0, 0.0
894, 149327602796123, -2.8965692E-27, 9.80999, -8.543844E-28, 149327598714423, 0.0, 0.0, 0.0
895, 149327612796123, -4.8012196E-28, 9.809989, -1.4161882E-28, 149327608714423, 0.0, 0.0, 0.0
896, 149327622796123, -7.9645E-29, 9.80999, -2.3492427E-29, 149327618714423, 0.0, 0.0, 0.0
897, 149327632796123, -1.322238E-29, 9.80999, -3.9001296E-30, 149327628714423, 0.0, 0.0, 0.0
898, 149327642796123, -2.1951368E-30, 9.809989, -6.474869E-31, 149327638714423, 0.0, 0.0, 0.0
899, 149327652796123, -3.6404442E-31, 9.809989, -1.0738009E-31, 149327648714423, 0.0, 0.0, 0.0
900, 149327662796123, -6.0420956E-32, 9.809989, -1.7822023E-32, 149327658714423, 0.0, 0.0, 0.0
901, 149327672796123, -1.0031714E-32, 9.809989, -2.9589972E-33, 149327668714423, 0.0, 0.0, 0.0
902, 149327682796123, -1.6633859E-33, 9.809989, -4.9063936E-34, 149327678714423, 0.0, 0.0, 0.0
903, 149327692796123, -2.7602394E-34, 9.809989, -8.1417195E-35, 149327688714423, 0.0, 0.0, 0.0
904, 149327702796123, -4.5829422E-35, 9.809989, -1.3518042E-35, 149327698714423, 0.0, 0.0, 0.0
905, 149327712796123, -7.5964235E-36, 9.809989, -2.2406733E-36, 149327708714423, 0.0, 0.0, 0.0
906, 149327722796123, -1.2601288E-36, 9.809989, -3.7169296E-37, 149327718714423, 0.0, 0.0, 0.0
907, 149327732796123, -2.092005E-37, 9.809989, -6.1706666E-38, 149327728714423, 0.0, 0.0, 0.0
908, 149327742796123, -3.4734882E-38, 9.809989, -1.0245547E-38, 149327738714423, 0.0, 0.0, 0.0
909, 149327752796123, -5.759487E-39, 9.809989, -1.698843E-39, 149327748714423, 0.0, 0.0, 0.0
910, 149327762796123, -9.55746E-40, 9.809988, -2.8191E-40, 149327758714423, 0.0, 0.0, 0.0
911, 149327772796123, -1.58679E-40, 9.809989, -4.6805E-41, 149327768714423, 0.0, 0.0, 0.0
912, 149327782796123, -2.631E-41, 9.809989, -7.76E-42, 149327778714423, 0.0, 0.0, 0.0
913, 149327792796123, -4.365E-42, 9.809989, -1.288E-42, 149327788714423, 0.0, 0.0, 0.0
914, 149327802796123, -7.24E-43, 9.809988, -2.14E-43, 149327798714423, 0.0, 0.0, 0.0
915, 149327812796123, -1.2E-43, 9.809988, -3.5E-44, 149327808714423, 0.0, 0.0, 0.0
916, 149327822796123, -2.0E-44, 9.80999, -5.6E-45, 149327818714423, 0.0, 0.0, 0.0
917, 149327832796123, -2.8E-45, 9.809989, -1.4E-45, 149327828714423, 0.0, 0.0, 0.0
918, 149327842796123, 0.0, 9.809989, 0.0, 149327838714423, 0.0, 0.0, 0.0
919, 149327852796123, 0.0, 9.809989, 0.0, 149327848714423, 0.0, 0.0, 0.0
920, 149327862796123, 0.0, 9.809989, 0.0, 149327858714423, 0.0, 0.0, 0.0
921, 149327872796123, 0.0, 9.809989, 0.0, 149327868714423, 0.0, 0.0, 0.0
922, 149327882796123, 0.0, 9.809989, 0.0, 149327878714423, 0.0, 0.0, 0.0
923, 149327892796123, 0.0, 9.809989, 0.0, 149327888714423, 0.0, 0.0, 0.0
924, 149327902796123, 0.0, 9.809989, 0.0, 149327898714423, 0.0, 0.0, 0.0
925, 149327912796123, 0.0, 9.809989, 0.0, 149327908714423, 0.0, 0.0, 0.0
926, 149327922796123, 0.0, 9.809989, 0.0, 149327918714423, 0.0, 0.0, 0.0
927, 149327932796123, 0.0, 9.809988, 0.0, 149327928714423, 0.0, 0.0, 0.0
928, 149327942796123, 0.0, 9.809989, 0.0, 149327938714423, 0.0, 0.0, 0.0
929, 149327952796123, 0.0, 9.809989, 0.0, 149327948714423, 0.0, 0.0, 0.0
930, 149327962796123, 0.0, 9.809989, 0.0, 149327958714423, 0.0, 0.0, 0.0
931, 149327972796123, 0.0, 9.809989, 0.0, 149327968714423, 0.0, 0.0, 0.0
932, 149327982796123, 0.0, 9.809989, 0.0, 149327978714423, 0.0, 0.0, 0.0
933, 149327992796123, 0.0, 9.809989, 0.0, 149327988714423, 0.0, 0.0, 0.0
934, 149328002796123, 0.0, 9.809989, 0.0, 149327998714423, 0.0, 0.0, 0.0
935, 149328012796123, 0.0, 9.809988, 0.0, 149328008714423, 0.0, 0.0, 0.0
936, 149328022796123, 0.0, 9.809989, 0.0, 149328018714423, 0.0, 0.0, 0.0
937, 149328032796123, 0.0, 9.809989, 0.0, 149328028714423, 0.0, 0.0, 0.0
938, 149328042796123, 0.0, 9.80999, 0.0, 149328038714423, 0.0, 0.0, 0.0
939, 149328052796123, 0.0, 9.80999, 0.0, 149328048714423, 0.0, 0.0, 0.0
940, 149328062796123, 0.0, 9.809989, 0.0, 149328058714423, 0.0, 0.0, 0.0
941, 149328072796123, 0.0, 9.809989, 0.0, 149328068714423, 0.0, 0.0, 0.0
942, 149328082796123, 0.0, 9.809989, 0.0, 149328078714423, 0.0, 0.0, 0.0
943, 149328092796123, 0.0, 9.809989, 0.0, 149328088714423, 0.0, 0.0, 0.0
944, 149328102796123, 0.0, 9.809989, 0.0, 149328098714423, 0.0, 0.0, 0.0
945, 149328112796123, 0.0, 9.809989, 0.0, 149328108714423, 0.0, 0.0, 0.0
946, 149328122796123, 0.0, 9.809989, 0.0, 149328118714423, 0.0, 0.0, 0.0
947, 149328132796123, 0.0, 9.80999, 0.0, 149328128714423, 0.0, 0.0, 0.0
948, 149328142796123, 0.0, 9.809989, 0.0, 149328138714423, 0.0, 0.0, 0.0
949, 149328152796123, 0.0, 9.809988, 0.0, 149328148714423, 0.0, 0.0, 0.0
950, 149328162796123, 0.0, 9.809989, 0.0, 149328158714423, 0.0, 0.0, 0.0
951, 149328172796123, 0.0, 9.809989, 0.0, 149328168714423, 0.0, 0.0, 0.0
952, 149328182796123, 0.0, 9.809989, 0.0, 149328178714423, 0.0, 0.0, 0.0
953, 149328192796123, 0.0, 9.809989, 0.0, 149328188714423, 0.0, 0.0, 0.0
954, 149328202796123, 0.0, 9.809989, 0.0, 149328198714423, 0.0, 0.0, 0.0
955, 149328212796123, 0.0, 9.809989, 0.0, 149328208714423, 0.0, 0.0, 0.0
956, 149328222796123, 0.0, 9.809989, 0.0, 149328218714423, 0.0, 0.0, 0.0
957, 149328232796123, 0.0, 9.809989, 0.0, 149328228714423, 0.0, 0.0, 0.0
958, 149328242796123, 0.0, 9.809989, 0.0, 149328238714423, 0.0, 0.0, 0.0
959, 149328252796123, 0.0, 9.809989, 0.0, 149328248714423, 0.0, 0.0, 0.0
960, 149328262796123, 0.0, 9.809989, 0.0, 149328258714423, 0.0, 0.0, 0.0
961, 149328272796123, 0.0, 9.809989, 0.0, 149328268714423, 0.0, 0.0, 0.0
962, 149328282796123, 0.0, 9.80999, 0.0, 149328278714423, 0.0, 0.0, 0.0
963, 149328292796123, 0.0, 9.809989, 0.0, 149328288714423, 0.0, 0.0, 0.0
964, 149328302796123, 0.0, 9.809989, 0.0, 149328298714423, 0.0, 0.0, 0.0
965, 149328312796123, 0.0, 9.809988, 0.0, 149328308714423, 0.0, 0.0, 0.0
966, 149328322796123, 0.0, 9.809988, 0.0, 149328318714423, 0.0, 0.0, 0.0
967, 149328332796123, 0.0, 9.809989, 0.0, 149328328714423, 0.0, 0.0, 0.0
